Platform	Galaxy	Region	Black Hole System	Black Hole Coordinates	X Axis	Y Axis	Z Axis	Quadrant	Sun	Lifeform	Conflict Level	Economy Level	 Distance From Center 	Black Hole	Region	Exit System	Exit Coordinates	X Axis	Y Axis	Z Axis	Quadrant	Sun	Lifeform	Conflict Level	Economy Level	 Distance From Center 	 Distance To Center Traveled 	Additional Notes	  (6,819)
PC	10 Eissentam	Abbelgu Nebula	Ascent-Sudon	0BA4:007E:04E9:0079	2980	126	1257	Beta					  489,153 	Travels to:	Egonne Mass	Odegaw	0724:0082:035D:0068	1828	130	861	Alpha					  482,334 	  (6,819)		
PC	10 Eissentam	Abcochu Boundary	Iyoshi-Autr	017F:0080:07D1:0079	383	128	2001	Alpha		Korvax	2	2	  665,854 	Travels to:	Nodyper Cluster	Gildkomi VI	03D5:0080:0CE9:0058	981	128	3305	Gamma		Vy'keen	2	2	  659,566 	  (6,288)		
PC	10 Eissentam	Abnetse	Tazen-Yakod X	0799:0082:0A80:0079	1945	130	2688	Gamma					  259,514 	Travels to:	Wiyonormo	Wadanonji I	087A:007C:0A6D:0046	2170	124	2669	Delta					  253,895 	  (5,619)		
PC	10 Eissentam	Acolemit Mass	Rosakht-Hoya	042D:0079:0D56:0079	1069	121	3414	Gamma					  672,308 	Travels to:	Putisak Band	Reesbo XVII	09CA:007D:0E41:002C	2506	125	3649	Delta					  666,651 	  (5,657)	BH is 7 jumps from Alliance of Galactic Travellers	
PC	10 Eissentam	Adkemp Cluster	Unjinzem	0AD9:0081:0DF1:0079	2777	129	3569	Delta		Vy'keen	1	2	  675,205 	Travels to:	Eibtrei Conflux	Umadaijy	0E71:007C:06EA:0032	3697	124	1770	Beta		Vy'keen	2	3	  669,236 	  (5,969)		
PS4	10 Eissentam	Aeuser Cloud	Lamskyv-Roki XIX	02DB:0080:0354:0079	731	128	852	Alpha	Yellow	Korvax	3		  710,829 	Travels to:	Orkamca Boundary	Imuror System	0237:007D:0BBD:0023	567	125	3005	Gamma	Yellow	Vy'keen	3		  705,154 	  (5,675)		
PS4	10 Eissentam	Agmani Adjunct	Monkxian	0236:007E:0BBC:0079	566	126	3004	Gamma	Yellow	Korvax	1		  705,275 	Travels to:	Oudrom Spur	Aiutska	0197:007C:05A3:0047	407	124	1443	Alpha	Yellow	Vy'keen	1		  699,042 	  (6,233)		
PS4	01 Euclid	Aknordenew Band	Zihmanr	05A8:0081:01FD:0079	1448	129	509	Alpha					  660,212 	Travels to:	Zeraiak	Imeraj	0E58:0081:0742:0030	3672	129	1858	Beta					  654,382 	  (5,830)		
PC	10 Eissentam	Akovan Shallows	Ribxihom XI	04E4:0081:09C4:0079	1252	129	2500	Gamma					  365,963 	Travels to:	Niwaki Void	Gepohan	061C:007D:0507:0035	1564	125	1287	Alpha					  360,119 	  (5,844)		
PC	01 Euclid	Aktand Void	Ketonbar	0CE1:0078:0CBB:0079	3297	120	3259	Delta		Korvax	3	2	  696,447 	Travels to:	Hekloosby	Irakin II	0677:007F:016F:0065	1655	127	367	Alpha		Gek	3	3	  690,050 	  (6,397)	Exit is 34,664 LY from Pilgram Star	
PC	10 Eissentam	Aktsya Band	Vigatch-Ooyii	0791:0080:07E2:0079	1937	128	2018	Alpha					  45,580 	Travels to:	Arm of Daoris	Orozaw-Piz XIX	0843:007D:07BA:0074	2115	125	1978	Beta					  38,657 	  (6,923)		
PC	10 Eissentam	Anasyu	Nurlit-Enzad	0398:007C:0BF9:0079	920	124	3065	Gamma		Vy'keen	2	1	  607,481 	Travels to:	Sea of Ruynich	Todonniu V	0DA7:007F:0997:0020	3495	127	2455	Delta		Vy'keen	2	1	  601,753 	  (5,728)		
PC	10 Eissentam	Aoishn Quadrant	Ilkarm	0A48:0081:0756:0079	2632	129	1878	Beta					  243,575 	Travels to:	Kacincat	Abjaudi-Gama	09EC:007C:0949:0052	2540	124	2377	Delta					  237,445 	  (6,130)		
PS4	17 Hitonskyer	Aoshiri Spur	Adustaf	0966:007E:04CE:0079	2406	126	1230	Beta					  356,958 	Travels to:	Uarrala Adjunct	Plomat	0B67:007E:0849:0074	2919	126	2121	Delta					  350,053 	  (6,905)		
PS4	01 Euclid	Aoultuls Quadrant	Tubinsk-Nila	0318:007E:08F3:0079	792	126	2291	Gamma	Yellow	Korvax	3	3	  511,246 	Travels to:	Miwatee Sector	Dagrang System	0A08:007D:037F:002C	2568	125	895	Beta	Yellow	Vy'keen	2	2	  505,563 	  (5,683)	Water	
PS4	17 Hitonskyer	Arayya Void	Urdosia-Bould	05B4:007C:0720:0079	1460	124	1824	Alpha						Travels to:	Uzcokrz	Loymsiky	094E:0082:0600:006A	2382	130	1536	Beta						  - 		
PC	10 Eissentam	Arm of Jaleoni	Akegana-Osh	080D:0080:05C8:0079	2061	128	1480	Beta					  226,799 	Travels to:	Cuquote	Iakhta-Madym	05E0:0083:079E:0051	1504	131	1950	Alpha					  220,581 	  (6,218)		
PC	10 Eissentam	Arm of Mevubaru	Luhomar-Fab XIII	09CA:007C:0732:0079	2506	124	1842	Beta					  201,020 	Travels to:	Iswito Cloud	Anazawa XV	09E5:007B:07F9:0065	2533	123	2041	Beta					  194,533 	  (6,487)		
PC	10 Eissentam	Arm of Opushwo	Touchik	061E:007D:050B:0079	1566	125	1291	Alpha					  358,264 	Travels to:	Rudzhima Terminus	Yedexin	0B4C:007C:0706:0051	2892	124	1798	Beta					  352,444 	  (5,820)		
PC	10 Eissentam	Arm of Ugband	Gazeyn	03DA:0082:0364:0079	986	130	868	Alpha	Yellow	Vy'keen	3		  634,248 	Travels to:	Elzago Anomaly	Okinsk	079D:0081:0E1F:0043	1949	129	3615	Gamma	Yellow	Gek	2		  628,527 	  (5,721)		
PS4	01 Euclid	Asukij Conflux	Bussolhei	0C6C:007E:0D4C:0079	3180	126	3404	Delta					  707,169 	Travels to:	Auhetabl Instability	[GNG] Oronskyv	0D81:007E:0C13:0017	3457	126	3091	Delta					  701,773 	  (5,396)		
PC	10 Eissentam	Atnald Cloud	Akonezak	03C7:007D:0B1E:0079	967	125	2846	Gamma					  537,383 	Travels to:	Wayamel	Hooeyaliy	0341:0083:05E7:0059	833	131	1511	Alpha					  530,678 	  (6,705)		
PS4	01 Euclid	Atzind Cluster	Zuhmang	0E3F:0083:04E8:0079	3647	131	1256	Beta					  713,797 	Travels to:	The Arm of Ogosag	[GNG] Fritts	0EDE:0082:0736:0028	3806	130	1846	Beta					  708,072 	  (5,725)		
PC	01 Euclid	Aualmu Mass	Opotkino	0EF1:007A:085D:0079	3825	122	2141	Delta		Korvax	2	1	  712,196 	Travels to:	Hinnanak	Medogy III	0573:007E:0196:002F	1395	126	406	Alpha		Vy'keen	1	1	  706,312 	  (5,884)	Anomaly Station: Medogy III	
PS4	17 Hitonskyer	Aufurs Expanse	Emende-Radwi III	0605:007E:042C:0079	1541	126	1068	Alpha					  440,813 	Travels to:	Jisinst	Kuwahng-Sav	0B8A:0080:0A56:0045	2954	128	2646	Delta					  434,778 	  (6,035)		
PS4	01 Euclid	Auheth Fringe	Rumyundat	0E40:0083:04E9:0079	3648	131	1257	Beta					  714,045 	Travels to:	Jisinas	[GNG] Umikara-Ietoa	07A6:007F:0116:0017	1958	127	278	Alpha					  708,261 	  (5,784)		
PC	10 Eissentam	Babeleus Conflux	Gibeaum-Nelon	03C9:0078:0D27:0079	969	120	3367	Gamma		Vy'keen	3	2	  681,707 	Travels to:	Liyhyimni Adjunct	Endenqua	077C:0081:016C:0069	1916	129	364	Alpha		Vy'keen	1	2	  675,236 	  (6,471)		
PS4	01 Euclid	Baffal Instability 	Aeumon	0684:0080:0D05:0079	1668	128	3333	Gamma	Yellow	Gek	1	2	  536,298 	Travels to:	Hilown Shallows	Intpau-Dus XI	0D24:0081:0888:0065	3364	129	2184	Delta	Yellow	Gek	2	2	  529,667 	  (6,631)	Water in system	
PS4	01 Euclid	Balamm Cluster	Succub	01A9:0081:0971:0079	425	129	2417	Gamma					  665,467 	Travels to:	Bazates	Paryanto	0B01:007F:024F:0064	2817	127	591	Beta					  658,828 	  (6,639)		
PS4	01 Euclid	Bazates	Hyegonye	0B01:007F:024F:0079	2817	127	591	Beta					  658,828 	Travels to:	Muzahusne Band	Idpore	05FC:007E:0E0C:002A	1532	126	3596	Gamma					  652,947 	  (5,880)		
PS4	01 Euclid	Behniru 	Atotto-Nunfa	03FA:007C:0B88:0079	1018	124	2952	Gamma	Yellow	Korvax	2	2	  548,156 	Travels to:	Rendovel Spur	Loyille	0C59:0082:0B01:0057	3161	130	2817	Delta	Yellow	Korvax	2	2	  541,958 	  (6,198)	37LY from Hujalas System w/BH	
PC	01 Euclid	Beosake Cluster	Black Hole of the Fox	0EF1:007B:085D:0079	3825	123	2141	Delta		Gek	1	1	  712,195 	Travels to:	Glaukh Spur	Wajimiz-Jiide	0CDE:0080:0320:0076	3294	128	800	Beta		Gek	1	2	  705,409 	  (6,786)		
PS4	01 Euclid	Bewgcole Cloud	[GNG] Kuznetsk IV	0CA8:0080:0C4B:0079	3240	128	3147	Delta					  649,145 	Travels to:	Youdego Adjunct	[GNG] Hittar III	02D8:007D:0B98:001A	728	125	2968	Gamma					  643,491 	  (5,654)		
PS4	17 Hitonskyer	Beyennaqu Anomaly	Ulsanorb	0773:0081:0840:0079	1907	129	2112	Gamma						Travels to:	Onklis Cloud	Diatig	081C:007E:0779:0072	2076	126	1913	Beta						  - 		
PS4	01 Euclid	Beykova Nebula	Ekielis XI	0C6F:007B:0EFD:0079	3183	123	3837	Delta	Yellow	Korvax	3	2	  848,155 	Travels to:	Mopdorf	Unecho	0BAF:0080:0F5A:0004	2991	128	3930	Delta	Yellow	Vy'keen	2	1	  842,493 	  (5,662)	Hermit-5	
PC	01 Euclid	Biusak Quadrant	Madach-Kurqe	0873:007D:0107:0079	2163	125	263	Beta	Yellow	Gek	3	2	  715,107 	Travels to:	Oidaks	Uncestr XIX System	05DB:007F:016A:004A	1499	127	362	Alpha	Yellow	Korvax	3	3	  708,773 	  (6,334)	Water at destination	
PC	10 Eissentam	Builat Nebula	Geduixi-Jiyu XV	0938:007D:04E2:0079	2360	125	1250	Beta					  342,495 	Travels to:	Ekualm	Oturlits	0973:0081:0AF1:0045	2419	129	2801	Delta					  336,582 	  (5,913)		
PS4	01 Euclid	Cacelacha Band	Puchig	076D:007D:01FD:0079	1901	125	509	Alpha					  617,966 	Travels to:	Expark Band	Ischer-Uso	0499:0081:0313:001B	1177	129	787	Alpha					  612,471 	  (5,495)		
PC	10 Eissentam	Cakienae Conflux	Ration-Cheon	06E3:007F:0C63:0079	1763	127	3171	Gamma					  463,820 	Travels to:	Lufredod Nebula	Ikahokut XIII	0497:0081:0AE4:0037	1175	129	2788	Gamma					  457,735 	  (6,085)		
PS4	17 Hitonskyer	Cawalleyd Adjunct	Inmingj VI	0577:0080:0B49:0079	1399	128	2889	Gamma					  424,992 	Travels to:	Takiertya	Ahalli IV	0452:007F:09CB:0045	1106	127	2507	Gamma					  418,966 	  (6,026)		
PS4	01 Euclid	Ceuthu Shallows	Ublika-Abian	0DF0:007F:08F5:0079	3568	127	2293	Delta					  616,306 	Travels to:	Gidharp Conflux	Eysatt V	0C7E:007D:0412:0008	3198	125	1042	Beta					  611,206 	  (5,100)		
PC	10 Eissentam	Chyakonib	Ebloem-Irsot	04E8:0083:02A4:0079	1256	131	676	Alpha		Vy'keen	3	2	  633,130 	Travels to:	Ritshid Terminus	Bodmouth	02DC:0081:0B52:006E	732	129	2898	Gamma		Korvax	2	2	  626,537 	  (6,593)		
PS4	01 Euclid	Cipaing Cloud	Ratsuk XVII	0C00:007C:0CE3:0079	3072	124	3299	Delta					  647,226 	Travels to:	Fastab Mass	Sialnye	06B3:0082:01DF:004C	1715	130	479	Alpha					  641,106 	  (6,120)	output is 44,665ly from Pilgrim Star	
PC	10 Eissentam	Cokresi Nebula	Oldbaroa	0200:0082:0A70:0079	512	130	2672	Gamma		Vy'keen	2	2	  662,946 	Travels to:	Manemec Terminus	Mitose-Haba	0E0E:007E:05DE:0018	3598	126	1502	Beta		Vy'keen	2	1	  657,586 	  (5,360)		
PC	10 Eissentam	Cranya	Diowsh-Kuhilk	0B3A:0082:0D77:0079	2874	130	3447	Delta	Yellow	Vy'keen	2		  650,422 	Travels to:	Itform Terminus	Ussaim-Sara	0BC2:0082:0D0B:003D	3010	130	3339	Delta	Yellow	Gek	2		  644,582 	  (5,840)		
PS4	17 Hitonskyer	Curlug Shallows	Ikomaeba	0803:0081:06DD:0079	2051	129	1757	Beta					  116,013 	Travels to:	Waredib Band	Pudoma	08E2:0082:0766:0068	2274	130	1894	Beta					  109,505 	  (6,508)		
PC	10 Eissentam	Damulas Band	Izdragi-Imeg	03C1:0078:0D25:0079	961	120	3365	Gamma		Korvax	2	2	  683,118 	Travels to:	Wantjani	Popashty II	0BB3:0080:0284:0024	2995	128	644	Beta		Gek	2	1	  677,302 	  (5,816)	Anomaly Station: Popashty II	
PC	10 Eissentam	Dazhba Terminus	Ulovoann	0543:0083:0A8B:0079	1347	131	2699	Gamma					  382,704 	Travels to:	Dumnue Expanse	Serleg	0703:0080:0B89:0051	1795	128	2953	Gamma					  376,171 	  (6,533)		
PC	10 Eissentam	Deansesme Shallows	Balachno	0E85:0083:0996:0079	3717	131	2454	Delta		Korvax	2		  687,553 	Travels to:	Bihumag Shallows	Kaminsk-Aise	0188:0082:0668:0025	392	130	1640	Alpha		Vy'keen	1	2	  681,725 	  (5,828)		
PC	10 Eissentam	Deholte Anomaly	Ijiraq	0345:0083:05E9:0079	837	131	1513	Alpha					  529,030 	Travels to:	Nisyolvana Nebula	Ieyang-Gagil	0BFC:0080:04D1:0068	3068	128	1233	Beta					  522,240 	  (6,790)		
PS4	17 Hitonskyer	Deyperta Boundary	Anjotusi	0897:0081:0AD1:0079	2199	129	2769	Delta					  295,131 	Travels to:	Ifunse Nebula	Riokam-Mippi XVII	0A96:007C:091E:004A	2710	124	2334	Delta					  288,983 	  (6,148)		
PS4	17 Hitonskyer	Diyuanla	Umerkr	07D2:0083:09D3:0079	2002	131	2515	Gamma						Travels to:	Hughtul Adjunct	Nizakiris XI	089E:007B:0656:0064	2206	123	1622	Beta						  - 		
PS4	17 Hitonskyer	Doolhazi Anomaly	Riiation	0679:0080:0C31:0079	1657	128	3121	Gamma						Travels to:	Worthili Band	Ikoynth-Nok X	0628:007E:03FE:0029	1576	126	1022	Alpha						  - 		
PS4	01 Euclid	Draggi Boundary	Itiana	0C22:007C:030E:0079	3106	124	782	Beta					  659,905 	Travels to:	Yataned	Gareyaga	0280:007D:0B3D:006F	640	125	2877	Gamma					  653,428 	  (6,477)		
PS4	17 Hitonskyer	Dryoroe Conflux	Neghouver	0576:0080:07D7:0079	1398	128	2007	Alpha						Travels to:	Deceethewl	Yumazyv VI	05AE:007C:071D:005C	1454	124	1821	Alpha						  - 		
PC	10 Eissentam	Dukertr Cluster	Varthi	0DFB:0082:086B:0079	3579	130	2155	Delta		Gek	1	3	  614,322 	Travels to:	Anasyu	Bekinsar	0398:007C:0BF9:0078	920	124	3065	Gamma		Gek	1	2	  607,481 	  (6,841)		
PC	01 Euclid	Duquit Shallows	Iezhexa	09F0:007F:0E9B:0079	2544	127	3739	Delta		Korvax	1	2	  705,393 	Travels to:	Iweldont Adjunct	Ooyiiji VIII	04C6:0080:01FA:0046	1222	128	506	Alpha		Vy'keen	2	2	  699,177 	  (6,216)		
PC	10 Eissentam	Dwyonne Shallows	Ehtima-Nowan	0956:007D:05C0:0079	2390	125	1472	Beta					  267,859 	Travels to:	Dityatn Terminus	Onyevk VII	0797:0081:0A84:0058	1943	129	2692	Gamma					  261,432 	  (6,427)		
PS4	01 Euclid	Ecchaco Shallows	Dainanto	0FF6:007F:0A77:0079	4086	127	2679	Delta	Yellow	Korvax	3	2	  853,784 	Travels to:	Beykova Nebula	Yitetatym	0C6F:007B:0EFD:0034	3183	123	3837	Delta	Yellow	Korvax	3	3	  848,292 	  (5,492)	Hermit-4	
PS4	17 Hitonskyer	Eckpor Conflux	Beskau	0B4D:007B:080E:0079	2893	123	2062	Delta					  338,456 	Travels to:	Requot Cluster	Eporesb-Sah	0B3D:007E:0828:003E	2877	126	2088	Delta					  332,405 	  (6,051)		
PS4	17 Hitonskyer	Ecquag Sector	Tirkan-Yatv	0887:007B:0918:0079	2183	123	2328	Delta						Travels to:	Uokara Adjunct	Poetom-Yus	0802:0081:06D7:006A	2050	129	1751	Beta						  - 		
PS4	10 Eissentam	Eforci Expanse	Anuwaii	0519:007B:01E1:0079	1305	123	481	Alpha	Yellow	Gek	2	1	  693,002 	Travels to:	Yoidani Anomaly	Sukiham	0E5F:007D:0A12:0074	3679	125	2578	Delta	Yellow	Vy'keen	2	3	  686,719 	  (6,283)		
PC	01 Euclid	Ehwale Shallows	Kanonjot	0EF0:007A:085C:0079	3824	122	2140	Delta		Korvax	1	2	  711,775 	Travels to:	Apgarl	Luisbur	0BED:0080:0256:0050	3053	128	598	Beta		Korvax	1	2	  705,593 	  (6,182)		
PS4	17 Hitonskyer	Ekrela Sector	Xandra-Qiz	03BE:0081:09D3:0079	958	129	2515	Gamma						Travels to:	Noliuxi	Rekhor	0C60:007F:06B5:0078	3168	127	1717	Beta						  - 		
PS4	01 Euclid	Enradzist Boundary	[GNG] Rulangum XI	08E3:0083:0E69:0079	2275	131	3689	Delta					  663,205 	Travels to:	Oucats	[GNG] Amworki	0784:007E:0197:0002	1924	126	407	Alpha					  657,842 	  (5,363)		
PC	10 Eissentam	Eototay Sector	Umdoimain	08C1:0081:07C7:0079	2241	129	1991	Beta					  80,901 	Travels to:	Sea of Debohrid	Athonoeg	07AB:0082:075A:0070	1963	130	1882	Alpha					  73,792 	  (7,109)		
PC	10 Eissentam	Epaiphus Anomaly	Ukwrfora XIII	096F:0082:0AD8:0079	2415	130	2776	Delta					  326,742 	Travels to:	Ouetzan	Prudnya-Joy	096A:007D:0535:0059	2410	125	1333	Beta					  320,270 	  (6,472)		
PC	10 Eissentam	Epchee	Onvillec	0451:007C:024F:0079	1105	124	591	Alpha		Vy'keen	3	3	  693,663 	Travels to:	Uayayp	Emkhol	0C32:007E:02CC:0071	3122	126	716	Beta		Korvax	3	2	  684,360 	  (9,303)		
PC	10 Eissentam	Eradors Mass	Uwakats	023B:0082:073B:0079	571	130	1851	Alpha	Yellow	Korvax	3		  595,764 	Travels to:	Siztajika	Niqenxiang	0542:007C:0D0F:004C	1346	124	3343	Gamma	Yellow	Gek	2		  589,359 	  (6,405)		
PS4	01 Euclid	Ercays	Adfangi	042F:0079:0D56:0079	1071	121	3414	Gamma					  671,869 	Travels to:	Ukchued Nebula	Ximivan	0E7E:007E:0867:0009	3710	126	2151	Delta					  666,500 	  (5,370)		
PS4	17 Hitonskyer	Ercedouna	Iafjar	081F:0080:06B1:0079	2079	128	1713	Beta					  134,212 	Travels to:	Swetesa Conflux	Liguerq	088A:007B:091E:0063	2186	123	2334	Delta					  127,565 	  (6,647)		
PC	10 Eissentam	Erpino Cluster	Akyung-Neburg	0BCA:0082:04DA:0079	3018	130	1242	Beta					  504,529 	Travels to:	Tecomic Adjunct	Zohiyev	0B0B:0083:0BCB:003A	2827	131	3019	Delta					  498,698 	  (5,831)		
PC	10 Eissentam	Erszew Adjunct	Rotosu	0A49:007D:01E7:0079	2633	125	487	Beta	Yellow	Korvax	3	2	  687,909 	Travels to:	Uibandi Anomaly	Nisfrell V	0DCE:007D:0B40:004B	3534	125	2880	Delta	Yellow	Vy'keen	2	1	  681,851 	  (6,058)		
PS4	01 Euclid	Erukba Boundary	Lelurod	0A35:007B:0222:0079	2613	123	546	Beta					  641,669 	Travels to:	The Arm of Pangpo	Zuxiang-Gugeka	01D7:007B:08D9:0007	471	123	2265	Gamma					  636,404 	  (5,265)		
PS4	01 Euclid	Espuchn Expanse	[GNG] Iteeriger IX	03E9:0080:035B:0079	1001	128	859	Alpha					  633,212 	Travels to:	Bizyae Sector	[GNG] Fonskon VII	03CB:007D:0C75:0017	971	125	3189	Gamma					  627,623 	  (5,589)		
PC	10 Eissentam	Essmanga Shallows	Imejig	087E:0081:07CF:0079	2174	129	1999	Beta					  54,463 	Travels to:	Enquneli Boundary	Nahaya	078C:0080:07E0:0072	1932	128	2016	Alpha					  47,478 	  (6,985)		
PS4	17 Hitonskyer	Etchusf	Argoib-Hili	0B61:007E:084A:0079	2913	126	2122	Delta					  347,696 	Travels to:	Dopergo	Imorsakoi	0B54:007C:080E:005B	2900	124	2062	Delta					  341,254 	  (6,442)		
PS4	01 Euclid	Etjepats Expanse	Zumidak	0AEF:0082:02A7:0079	2799	130	679	Beta					  624,428 	Travels to:	The Arm of Ruhuaoke	Huchyolk	0E07:007E:07B6:0049	3591	126	1974	Beta					  618,290 	  (6,138)		
PS4	17 Hitonskyer	Etmanza Anomaly	Voikhov-Luban	0A43:0081:07C8:0079	2627	129	1992	Beta						Travels to:	Domakit Cloud	Pompaina	08EC:007E:05FC:0055	2284	126	1532	Beta						  - 		
PS4	01 Euclid	Euhamp Band	[GNG] Flittle-Epot	050A:007D:0DFF:0079	1290	125	3583	Gamma					  685,159 	Travels to:	Deyomildr Cloud	[GNG] Vossusa-Ach	0699:007F:0E79:006D	1689	127	3705	Gamma					  678,483 	  (6,676)		
PS4	01 Euclid	Eveenskai Shallows	[GNG] Rad Islands	0E40:0083:04E8:0079	3648	131	1256	Beta					  714,299 	Travels to:	Ofiliab Conflux	[GNG] Pijaldossa - BHE	0D92:0082:03E8:0053	3474	130	1000	Beta					  707,960 	  (6,339)		
PS4	17 Hitonskyer	Ewfelk Expanse	Rypoluc-Ozn	0AE6:0081:0931:0079	2790	129	2353	Delta						Travels to:	Yetats Cloud	Yazhal-Aug IV	055E:007F:0664:0044	1374	127	1636	Alpha						  - 		
PC	10 Eissentam	Exalke Shallows	Kumbian-Duys	0B94:007F:023C:0079	2964	127	572	Beta		Vy'keen	1	2	  694,724 	Travels to:	Muikuo	Fiyysinspe	0156:007F:08E8:0063	342	127	2280	Gamma		Korvax	3	1	  688,338 	  (6,386)	45LY from Navishcor Spur BH	
PS4	17 Hitonskyer	Eyferg Band	Gapohuag	0C5B:007F:06B7:0079	3163	127	1719	Beta					  465,280 	Travels to:	Maillav Void	Akiris-Etouc	0677:0081:0C36:0046	1655	129	3126	Gamma					  459,200 	  (6,080)		
PS4	01 Euclid	Fastab Mass	Adpise-Otur	06B3:0082:01DF:0079	1715	130	479	Alpha					  641,106 	Travels to:	Kamycur Mass	Hoshizu IV	0E31:0083:0849:002F	3633	131	2121	Delta					  635,092 	  (6,014)		
PS4	17 Hitonskyer	Faximic Sector	Ejessan	0AF1:007E:0865:0079	2801	126	2149	Delta					  304,347 	Travels to:	Mevubac Shallows	Yenoyaha	0898:0080:0AD7:006D	2200	128	2775	Delta					  297,561 	  (6,786)		
PC	10 Eissentam	Fishir	Nockpo	0C8E:007E:08B3:0079	3214	126	2227	Delta					  472,367 	Travels to:	Caneuv Expanse	Fuyang	06E2:007E:0C68:0073	1762	126	3176	Gamma					  465,816 	  (6,551)		
PS4	01 Euclid	Frefrong Spur	Loywood XIII	0165:007F:0595:0079	357	127	1429	Alpha	Yellow	Vy'keen	3	2	  719,837 	Travels to:	Lossia Anomaly	Legze-Ugtni VII	0116:007E:0721:0076	278	126	1825	Alpha	Yellow	Korvax	1	2	  713,257 	  (6,580)	Hermit 0b0 ∠172.847°	
PS4	17 Hitonskyer	Gagdrayh	Migusu	083E:0082:07FD:0079	2110	130	2045	Beta						Travels to:	The Arm of Zesickev	Rinyaze-Debub XVI	07D9:0081:0819:0076	2009	129	2073	Gamma						  - 		
PS4	17 Hitonskyer	Gaiada	Nenkons-Onj X	07C2:0083:07C3:0079	1986	131	1987	Alpha						Travels to:	Wangtihim Boundary	Zunomit-Wimari	0844:0082:07FD:0075	2116	130	2045	Beta						  - 		
PC	10 Eissentam	Gastros Cluster	Laibey	0989:007B:0EB9:0079	2441	123	3769	Delta					  706,601 	Travels to:	Osmeae	Ucestm-Domin	0E68:007F:0A65:0039	3688	127	2661	Delta					  700,842 	  (5,759)		
PC	10 Eissentam	Gechit Spur	Cliydom	03A9:007F:0D21:0079	937	127	3361	Gamma		Korvax	1	2	  688,034 	Travels to:	Zuyaricke Spur	Ozhoskyviu	0DA1:0082:0B8A:0068	3489	130	2954	Delta		Korvax	3	2	  681,412 	  (6,622)		
PC	10 Eissentam	Geisse Nebula	Yaizugama	03C7:0078:0D26:0079	967	120	3366	Gamma		Gek	2	2	  681,904 	Travels to:	Ezganc Expanse	Nakragjyo	09A9:007B:019D:0060	2473	123	413	Beta		Gek	2	2	  675,449 	  (6,455)		
PC	10 Eissentam	Gilggaki Nebula	Aticaye-Kohuny XVIII	0419:007C:041E:0079	1049	124	1054	Alpha					  563,393 	Travels to:	Rayati Void	Oiqiao-Faun	0798:0082:0294:0071	1944	130	660	Alpha					  556,214 	  (7,179)		
PS4	17 Hitonskyer	Giniumf Nebula	Ivdele VI	0B85:0080:0A53:0079	2949	128	2643	Delta					  432,448 	Travels to:	The Arm of Saimiza	Obssof-Ogd XIV	0574:0081:0B4D:0022	1396	129	2893	Gamma					  426,993 	  (5,455)		
PC	10 Eissentam	Giputara	Airasa-Iaqu XIX	0844:0080:0984:0079	2116	128	2436	Delta					  158,080 	Travels to:	Iitoll Instability	Suunniv-Nazai	0927:0083:08EC:005E	2343	131	2284	Delta					  152,010 	  (6,070)		
PS4	01 Euclid	Gletkam	Osukih	05C4:0083:0E1C:0079	1476	131	3612	Gamma					  666,367 	Travels to:	Secintoc Shallows	Lucyowbo	05A8:0081:01FE:005B	1448	129	510	Alpha					  659,839 	  (6,528)		
PC	10 Eissentam	Gogorduin Cluster	Jareptorp	0879:007C:0A69:0079	2169	124	2665	Delta					  252,061 	Travels to:	Hokwunds Cluster	Kruotok XV	0AC4:0080:0754:0072	2756	128	1876	Beta					  245,440 	  (6,621)		
PC	10 Eissentam	Gosthembu Cloud	Fenorynt	0BD9:0082:06BE:0079	3033	130	1726	Beta					  414,864 	Travels to:	Sea of Uptarck	Eapoluch	04EA:0081:0A86:006D	1258	129	2694	Gamma					  408,169 	  (6,695)		
PC	10 Eissentam	Gruisto Cluster	Matsuk-Huni XIII	09E2:0082:08CC:0079	2530	130	2252	Delta					  209,957 	Travels to:	Sosont Void	Enrait	09CE:007C:072F:0075	2510	124	1839	Beta					  203,074 	  (6,883)		
PC	10 Eissentam	Guenil Cluster	Kikuchio	040A:0080:0280:0079	1034	128	640	Alpha	Yellow	Korvax	3	2	  693,381 	Travels to:	Amcuc Adjuct	Kubalsan	01C5:007F:0580:005B	453	127	1408	Alpha	Yellow	Korvax	3	2	  686,932 	  (6,449)		
PC	01 Euclid	Hakwibe	Iedossie	0EF1:0071:085C:0079	3825	113	2140	Delta		Gek	1	2	  712,194 	Travels to:	Poemepat Conflux	Onoichi XIII	0122:0080:0742:0002	290	128	1858	Alpha		Vy'keen	3	2	  706,854 	  (5,340)		
PS4	01 Euclid	Hatraudh Instability	Topkin-Sporo IX	0B41:0083:0295:0079	2881	131	661	Beta					  647,032 	Travels to:	Erukba Boundary	Fezelis-Hen XVI	0A35:007B:0222:001D	2613	123	546	Beta					  641,669 	  (5,363)		
PS4	01 Euclid	Heaexa Mass	Tiyirnu-Igo XIV	04CB:007B:02BD:0079	1227	123	701	Alpha					  630,445 	Travels to:	Etjepats Expanse	Anzaif	0AEF:0082:02A7:003C	2799	130	679	Beta					  624,428 	  (6,018)		
PS4	01 Euclid	Hebocoy Shallows	Kisepp	0C81:007E:03D3:0079	3201	126	979	Beta					  628,947 	Travels to:	Lotisu Adjunct	Hulyatk	0396:0082:0C31:001A	918	130	3121	Gamma					  623,298 	  (5,649)	output is 131,911 ly from Galactic Hub Project	
PS4	17 Hitonskyer	Hebogawul Mass	Nebeiji-Arv	0595:0082:06F6:0079	1429	130	1782	Alpha						Travels to:	Atocop Sector	Ameokay-Ongz XVI	0570:0080:07D6:0064	1392	128	2006	Alpha						  - 		
PC	10 Eissentam	Hetesl Sector	Dogakizu	010B:007A:0848:0079	267	122	2120	Gamma	Yellow	Korvax	2	2	  712,601 	Travels to:	Xetrgg	Kunita	06FB:0082:012C:004B	1787	130	300	Alpha	Yellow	Gek	3	2	  706,497 	  (6,104)		
PS4	01 Euclid	Hieusic Expanse	Ijokak-Sushi IV	0E23:0080:07DD:0079	3619	128	2013	Beta					  628,947 	Travels to:	Okoske	Lemudan-Mesa XVII	0518:0080:0D56:0060	1304	128	3414	Gamma					  622,349 	  (6,598)	output is 93,242ly from Galactic Hub Project	
PS4	01 Euclid	Hilown Shallows	Nenusc XI	0D24:0081:0888:0079	3364	129	2184	Delta	Yellow	Gek	1	2	  529,774 	Travels to:	Uipete Cluster	Niriaki-Yaws	036C:0082:05BA:0069	876	130	1466	Alpha	Yellow	Korvax	2	3	  522,759 	  (7,015)	Water in system, 57LY from nearest BH	
PS4	01 Euclid	Hindjeym Fringe	Kutorna	01BB:007F:0815:0079	443	127	2069	Gamma					  641,660 	Travels to:	Uhnervo Cluster	Kecius-Nizuxi	01D1:0081:088E:004A	465	129	2190	Gamma					  635,380 	  (6,280)		
PS4	17 Hitonskyer	Hirstav Nebula	Nankok-Histi V	09A4:0084:0A27:0079	2468	132	2599	Delta						Travels to:	Sea of Jikmani	Behermou	058F:0083:06F4:005E	1423	131	1780	Alpha						  - 		
PC	10 Eissentam	Hodedis Band	Echinaman IX	0642:007E:0BBF:0079	1602	126	3007	Gamma					  423,253 	Travels to:	Ianikep Nebula	Shidakana XI	0BDE:0082:06BC:0060	3038	130	1724	Beta					  416,970 	  (6,283)		
PC	10 Eissentam	Hotendov	Wasaitach	010D:007B:084A:0079	269	123	2122	Gamma		Vy'keen			  711,834 	Travels to:	Sniarokop	Evistur	0AC4:007B:01B0:0053	2756	123	432	Beta		Vy'keen	1	2	  705,512 	  (6,322)		
PC	10 Eissentam	Huevital Spur	Azansk-Golis	0E0D:007F:0810:0079	3597	127	2064	Delta		Korvax	2	3	  620,037 	Travels to:	Dukertr Cluster	Equulespo	0DFB:0082:086B:001C	3579	130	2155	Delta		Gek	3	2	  614,322 	  (5,715)		
PC	10 Eissentam	Hurssong Expanse	Nagraviang	0AE1:007C:089D:0079	2785	124	2205	Delta					  302,024 	Travels to:	Ulmiri Spur	Obeokazom	0955:007E:0571:0074	2389	126	1393	Beta					  295,182 	  (6,842)		
PS4	17 Hitonskyer	Icushe Adjunct	Dushny X	0B37:007E:0829:0079	2871	126	2089	Delta					  330,028 	Travels to:	Kugumai Nebula	Aideangh	0AEB:0081:0934:0048	2795	129	2356	Delta					  323,725 	  (6,303)		
PS4	17 Hitonskyer	Idioph Mass	Lameculo	0954:007F:0756:0079	2388	127	1878	Beta						Travels to:	Poyleod Sector	Yudonaco	0693:0080:080A:006E	1683	128	2058	Gamma						  - 		
PC	10 Eissentam	Iipirtle Adjunct	Ginanakawa	08C9:0081:0E8F:0079	2249	129	3727	Delta	Yellow	Vy'keen	1	3	  677,067 	Travels to:	Yermane Quadrant	Utgael-Turne	0C2E:0081:02F4:0043	3118	129	756	Beta	Yellow	Vy'keen	3	2	  670,964 	  (6,103)		
PC	10 Eissentam	Iiraiija Cloud	Horonqua	0904:007D:0184:0079	2308	125	388	Beta		Korvax	2	2	  671,762 	Travels to:	Abcochu Boundary	Aguchi-Liga	017F:0080:07D1:003D	383	128	2001	Alpha		Gek	2	2	  665,854 	  (5,908)		
PC	10 Eissentam	Ijbaga Cloud	Wusumu-Mazi	03DC:0078:0D2C:0079	988	120	3372	Gamma		Korvax	2	3	  678,487 	Travels to:	Sea of Cadiviang	Ipkinn-Tab	093C:007C:0E72:0037	2364	124	3698	Delta					  672,464 	  (6,023)		
PS4	17 Hitonskyer	Ijffexv Quadrant	Sotaple IV	099F:0082:04D1:0079	2463	130	1233	Beta						Travels to:	Diyalge Instability	Yoakega-Hekin XIV	0968:007F:04C9:006A	2408	127	1225	Beta						  - 		
PS4	01 Euclid	Ikhome Cluster	[GNG] Qiliueh-Eung	0699:007F:0E76:0079	1689	127	3702	Gamma					  677,373 	Travels to:	Uepeta Adjunct	[GNG] Noborig-Oud VIII	06FF:0080:0184:003C	1791	128	388	Alpha					  671,454 	  (5,919)		
PS4	01 Euclid	Iktomy	Wenden	0FFD:007B:0D15:0079	4093	123	3349	Delta	Yellow	Gek	1	2	  970,206 	Travels to:	Kupengu	Ateliki-Aks	0FFE:007F:031F:003D	4094	127	799	Beta	Yellow	Korvax	3	2	  959,085 	  (11,121)	Hermit-A3	
PC	10 Eissentam	Ilmadac	Oishin X	0823:0082:07C4:0079	2083	130	1988	Beta					  27,959 	Travels to:	Gebatze Boundary	Jasoneh	07E6:0080:07D1:0076	2022	128	2001	Alpha					  20,682 	  (7,277)		
PS4	17 Hitonskyer	Imsety Conflux	Verham	08BB:0082:069A:0079	2235	130	1690	Beta						Travels to:	Meleek	Seiyos-Ade	0959:007E:0752:0077	2393	126	1874	Beta						  - 		
PS4	01 Euclid	Iugost Expanse	Zamayshiv	0DFE:007B:0957:0079	3582	123	2391	Delta					  629,232 	Travels to:	Poongba Cluster	Oetsuj-Urih	0DF6:007B:06C5:0030	3574	123	1733	Beta					  623,582 	  (5,649)		
PC	10 Eissentam	Iuheimo Anomaly	Wachin-Ciang XIII	0ADF:007F:070C:0079	2783	127	1804	Beta					  310,205 	Travels to:	Gaparan Void	Nenirkk-Osh	0AE6:007C:089E:004C	2790	124	2206	Delta					  304,049 	  (6,156)		
PS4	01 Euclid	Iwamib	Woldhab	0FFE:0083:08B4:0079	4094	131	2228	Delta	Yellow	Vy'keen	2	2	  822,184 	Travels to:	Olkovasu Expanse	Alsafj-Kar	0F8F:0081:0583:0072	3983	129	1411	Beta	Yellow	Gek	2	3	  815,195 	  (6,989)	Hermit-9	
PC	10 Eissentam	Iweumiz	Igangx-Vese	07A8:007C:0ED1:079	1960	124	237	Alpha	Yellow	Gek	3	2	  699,423 	Travels to:	Gunenil Cluster	Kehara-Muda VI	040A:0080:0280:0036	1034	128	640	Alpha	Yellow	Gek	3	1	  693,356 	  (6,067)		
PC	10 Eissentam	Jemasi	Dogawa	0971:0081:0AED:0079	2417	129	2797	Delta					  334,616 	Travels to:	Nuskiya Fringe	Sujisa IV	0971:0082:0ADC:0049	2417	130	2780	Delta					  328,620 	  (5,996)		
PC	10 Eissentam	Jogori Spur	Azazelen	0798:0082:0299:0079	1944	130	665	Alpha					  554,274 	Travels to:	Elkind Void	Ullesti-Somog	0556:0082:035C:0075	1366	130	860	Alpha					  547,340 	  (6,934)		
PC	01 Euclid	Johavni Spur	Dopochi	0EF0:007C:085D:0079	3824	124	2141	Delta		Korvax	1	2	  711,794 	Travels to:	Suhter Fringe	Gadone	094D:0082:0139:001B	2381	130	313	Beta		Gek	3	2	  706,350 	  (5,444)	Anomaly Station: Gadone	
PC	10 Eissentam	Jortel Nebula	Sanovsk	07B4:007E:0ED5:0079	1972	126	3797	Gamma		Korvax	1	2	  700,642 	Travels to:	Ohemena Nebula	Erfiella vI	05C4:007D:0E68:002C	1476	125	3688	Gamma		Gek	3	1	  695,002 	  (5,640)		
PC	10 Eissentam	Jupann	Mereit X	010D:007A:084A:0079	269	122	2122	Gamma		Korvax	3	2	  711,961 	Travels to:	Hopakad Cluster	Abunh-Umme	0D29:007F:0092:000A	3369	127	146	Beta	Yellow	Korvax	1	2	  706,680 	  (5,281)		
PS4	01 Euclid	Kamycur Mass	Ukawachi XII	0E31:0083:0849:0079	3633	131	2121	Delta					  635,092 	Travels to:	Goualm Adjunct	Tayduhs	0C81:007E:03D4:0057	3201	126	980	Beta					  628,676 	  (6,417)		
PC	10 Eissentam	Kazend Conflux	Fljota-Macho X	07E8:0080:07D6:0079	2024	128	2006	Alpha					  18,849 	Travels to:	Oimuka Terminus	Eykirk-Eokaz	07E4:007B:07F2:0078	2020	123	2034	Alpha					  11,803 	  (7,046)		
PC	10 Eissentam	Ketsekh Terminus	Zuneykhailt VI	010D:007A:0848:0079	269	122	2120	Gamma	Yellow	Korvax	1	2	  711,814 	Travels to:	Majhianga Void	Spjalti	08D:007B:0127:0028	141	123	295	Alpha	Yellow	Korvax	3		  706,081 	  (5,733)		
PS4	01 Euclid	Kiberthuss	Arasarj-Etsu XI	0E40:0083:04E7:0079	3648	131	1255	Beta					  714,480 	Travels to:	Iolahu Sector	[GNG] Glaiweih V - BHE	0E7C:007E:0A68:0017	3708	126	2664	Delta					  708,757 	  (5,723)		
PC	10 Eissentam	Kohvatayga Quadrant	Enduhs-Ikou XIII	096F:007D:0912:0079	2415	125	2322	Delta					  183,893 	Travels to:	Kandje Expanse	Mupenev X	07C5:007F:0648:0064	1989	127	1608	Alpha					  176,947 	  (6,946)		
PS4	10 Eissentam	Kotsyanu	Ouluyms XIX	0B86:0083:0E0A:0079	2950	131	3594	Delta	Yellow	Vy'keen	3		  716,656 	Travels to:	Aeuser Cloud	Hovsko-Roce	02D8:0080:0354:001C	728	128	852	Alpha	Yellow	Korvax	1		  710,825 	  (5,831)		
PS4	01 Euclid	Kowako Quadrant	Jizhar	06B9:007E:0CE2:0079	1721	126	3298	Gamma	Yellow	Korvax	3	2	  517,170 	Travels to:	Manclau Cluster	Iigajray XIII	0319:007E:08F3:0036	793	126	2291	Gamma	Yellow	Vy'keen	1	1	  511,180 	  (5,990)	76LY from closest BH	
PC	10 Eissentam	Kuolut Void	Agoseki	01D7:007E:06F1:0079	471	126	1777	Alpha		Korvax	2	2	  639,584 	Travels to:	Chyakonib	Mobould	04E8:0083:02A4:0056	1256	131	676	Alpha		Vy'keen	1	2	  633,130 	  (6,454)		
PC	10 Eissentam	Laknor Anomaly	Umanash-Iza	0CAB:0080:02EE:0079	3243	128	750	Beta	Yellow	Gek	3	3	  705,600 	Travels to:	Iweumiz	Lopung	08A8:007C:0ED1:0054	2216	124	3793	Delta	Yellow	Korvax	2	2	  699,443 	  (6,157)		
PC	08 Kikolgallr	Lapaidi	Talent-Ichin III	0748:0081:07E0:0079	1864	129	2016	Alpha	Yellow	Vy'keen	2	3	  74,190 	Travels to:	Lidarwa Anomaly	Saxmund-Atyarn XII	0793:0081:077E:0071	1939	129	1918	Alpha	Yellow	Vy'keen	2	2	  67,070 	  (7,120)		
PC	10 Eissentam	Lazkove Conflux	Simiss	0B0E:007F:0CF0:0079	2830	127	3312	Delta		Korvax			  595,088 	Travels to:	Vegalu Cluster	Katromemo	025C:007D:091D:0067	604	125	2333	Gamma		Gek	2	2	  588,428 	  (6,660)		
PC	10 Eissentam	Lescopal Cloud	Jevota	0734:007E:096B:0079	1844	126	2411	Gamma					  166,777 	Travels to:	Zonyuets Fringe	Kananabas	0845:0080:0989:006A	2117	128	2441	Delta					  160,210 	  (6,567)		
PC	10 Eissentam	Libeller Shallows	Puneksjou	03E4:0078:0D2E:0079	996	120	3374	Gamma		Vy'keen	2	2	  677,120 	Travels to:	Iiraiija Cloud	Rigoican XV	0904:007D:0184:0004	2308	125	388	Beta		Korvax	1	2	  671,762 	  (5,358)		
PS4	17 Hitonskyer	Liburkh Boundary	Jengelar	0B8A:0082:065E:0079	2954	130	1630	Beta					  399,308 	Travels to:	Iuheth Sector	Egangg XII	05A7:007E:0B0A:003E	1447	126	2826	Gamma					  393,312 	  (5,996)		
PC	08 Kikolgallr	Lidarwa Anomaly	Clarrowl VII	0793:0081:077E:0079	1939	129	1918	Alpha	Yellow	Vy'keen	2	1	  67,061 	Travels to:	Ratiiq Anomaly	Odnyomi	088F:0082:07CF:006E	2191	130	1999	Beta	Yellow	Gek	1	1	  60,860 	  (6,201)		
PS4	01 Euclid	Liyhuymedz	Aitoshiw VII	0DB1:007B:0A77:0079	3505	123	2679	Delta					  635,636 	Travels to:	Rexvesu Terminus	Kuzent	0DFE:007B:0958:0051	3582	123	2392	Delta					  629,319 	  (6,316)		
PC	10 Eissentam	Lizerly	Botsovo VI	07E8:007C:07F5:0079	2024	124	2037	Alpha					  10,087 	Travels to:	Halutha Anomaly	Shtary-Ettsu V	07F8:0081:07FA:0068	2040	129	2042	Alpha					  3,263 	  (6,824)	Exits near center of Eissentam, 5074 ly from ETF	
PS4	17 Hitonskyer	Loraswa Shallows	Arwich-Siva	074F:007C:0776:0079	1871	124	1910	Alpha					  89,222 	Travels to:	Nesinhuroa	Aminzu XI	0887:0080:0763:0070	2183	128	1891	Beta					  82,784 	  (6,438)		
PS4	01 Euclid	Lossia Anomaly	Hernlu	0116:007E:0721:0079	278	126	1825	Alpha	Yellow	Korvax	3	2	  712,897 	Travels to:	Johaldhi Band	Kaikoiri	0409:007F:0DA7:0034	1033	127	3495	Gamma	Yellow	Korvax	2	2	  707,253 	  (5,644)	Hermit 0b00 ∠234.997° 17 jumps from Hub	
PS4	01 Euclid	Lotisu Adjunct	Lochepets VI	0396:0082:0C31:0079	918	130	3121	Gamma					  623,298 	Travels to:	Zillinn Band	Ribxi	0265:007D:0A3A:002C	613	125	2618	Gamma					  617,401 	  (5,897)		
PS4	17 Hitonskyer	lovilof Boundary	Obzhag	082C:007B:08F0:0079	2092	123	2288	Delta						Travels to:	Ovskij	Xandian-Kihar	074B:007C:0772:006E	1867	124	1906	Alpha						  - 		
PS4	17 Hitonskyer	Lovilof Boundary	Naukid-Urovs	08EA:007E:0602:0079	2282	126	1538	Beta						Travels to:	Wiczan	Noural III	0664:0081:0964:0060	1636	129	2404	Gamma						  - 		
PC	10 Eissentam	Loxuiaros Adjunct	Yalinfeng	0BF8:0080:04D4:0079	3064	128	1236	Beta					  520,445 	Travels to:	Lizbeket Cluster	Yokoyen V	0AC6:007B:03D0:0043	2758	123	976	Beta					  514,097 	  (6,348)		
PS4	10 Eissentam	Luayank	Iajingg	0912:007F:0126:0079	2322	127	294	Beta	Yellow	Gek	1	3	  709,660 	Travels to:	Hogrenian Expanse	Mainforth	02DF:0080:0C94:0037	735	128	3220	Gamma	Yellow	Korvax	1		  704,071 	  (5,589)		
PC	10 Eissentam	Lubalni Fringe	Josonun-Terl	010C:007A:0847:0079	268	122	2119	Gamma	Yellow	Vy'keen	1	3	  711,940 	Travels to:	Ramitow Fringe	Iseppug	0CAB:0080:02ED:0049	3243	128	749	Beta	Yellow	Korvax	3	2	  706,007 	  (5,933)		
PS4	17 Hitonskyer	Lungur	Tachiura	081A:007D:077E:0079	2074	125	1918	Beta						Travels to:	Saucidu Cloud	Anumam	086C:007C:0822:0076	2156	124	2082	Delta						  - 		
PS4	17 Hitonskyer	Majuarin Instability	Aichika-Heni	0563:007E:0666:0079	1379	126	1638	Alpha					  313,306 	Travels to:	Fufmanma Anomaly	Nonanjotn	0AF7:007E:0867:0053	2807	126	2151	Delta					  306,833 	  (6,473)		
PC	10 Eissentam	Manemel Terminus	Uginomot	0E0E:007E:05DE:0079	3598	126	1502	Beta		Gek	1	2	  657,586 	Travels to:	Wendana Fringe	Kuteran	0E46:007C:06F7:0051	3654	124	1783	Beta		Vy'keen	3	3	  651,417 	  (6,169)		
PC	01 Euclid	Manuefai Spur	Dakaya BH System	0872:007C:0107:0079	2162	124	263	Beta	Yellow	Vy'keen	3	1	  714,991 	Travels to:	Demarijla Cluster	Kenelli BH System	0845:0082:0EEA:0050	2117	130	3818	Delta	Yellow	Vy'keen	3	1	  708,977 	  (6,014)	Water in both systems	
PS4	17 Hitonskyer	Medeora Sector	Fabeth-Kiynto	0669:0081:0960:0079	1641	129	2400	Gamma					  215,201 	Travels to:	Nanajoj Band	Juyishu-Radsk	09B8:007B:0916:005E	2488	123	2326	Delta						  (215,201)		
PS4	17 Hitonskyer	Migliia Conflux	Cidrus	0457:007F:09C9:0079	1111	127	2505	Gamma					  416,818 	Travels to:	Ressima Expanse	Mishiba-Eri XI	0AB7:007E:0AF1:006C	2743	126	2801	Delta					  410,450 	  (6,368)		
PC	10 Eissentam	Milialia Band	Hadach-Inndu	0E9D:007B:08B4:0079	3741	123	2228	Delta		Gek			  681,458 	Travels to:	Adkemp Cluster	Iazau-Kums	0AD9:0081:0DF1:0058	2777	129	3569	Delta		Vy'keen	2	2	  675,205 	  (6,253)		
PC	10 Eissentam	Miquat Boundary	Negjals-Tou	07AD:007D:0EE2:0079	1965	125	3810	Gamma		Korvax	3	2	  705,962 	Travels to:	Jortal Nebula	Sevsky II	07B4:007E:0ED5:0012	1972	126	3797	Gamma		Gek	3	3	  700,642 	  (5,320)	Boundary Failure Negjals-Tou	
PS4	17 Hitonskyer	Mopangka Conflux	Iqiong	0593:007D:03F4:0079	1427	125	1012	Alpha					  482,597 	Travels to:	Japaid Nebula	Riketti-Kuva XV	03B8:0081:09D5:0035	952	129	2517	Gamma					  476,643 	  (5,954)		
PS4	01 Euclid	Mopdorf	Lokovdo	0BAF:0080:0F5A:0079	2991	128	3930	Delta	Yellow	Vy'keen	1	3	  842,753 	Travels to:	Uagsak Fringe	Thusete XIX	008E:0080:0B60	142	128	2912	Gamma	Yellow	Vy'keen	1	3	  836,839 	  (5,914)	Hermit-6	
PS4	17 Hitonskyer	Movidwe Shallows	Gulyovsk IX	0866:007B:0820:0079	2150	123	2080	Delta					  43,292 	Travels to:	Yallipi Adjunct	Iijiang-Ashin III	07BF:0083:07BE:0074	1983	131	1982	Alpha					  36,522 	  (6,770)		
PC	10 Eissentam	Muhackwe Boundary	Ebinami-Regiye	0BBF:0082:0D07:0079	3007	130	3335	Delta	Yellow	Gek	3		  642,563 	Travels to:	Wurubbolo Void	Udoinc-Ommu	03D7:0082:0360:0056	983	130	864	Alpha	Yellow	Vy'keen	2		  636,293 	  (6,270)		
PS4	01 Euclid	Muzahusne Band	Ercuse	05FC:007E:0E0C:0079	1532	126	3596	Gamma					  652,947 	Travels to:	Ukrazzie Fringe	Ineiso-Hac	0849:007B:0E4D:0069	2121	123	3661	Delta					  646,280 	  (6,667)		
PC	10 Eissentam	Myrebar	Bizentsuy XII	079D:0081:0E1A:0079	1949	129	3610	Gamma	Yellow	Gek	2		  626,414 	Travels to:	Epageni Spur	Savtrym-Lek	0BAC:0082:032F:0058	2988	130	815	Beta	Yellow	Gek	3		  620,016 	  (6,398)		
PC	10 Eissentam	Nacanas Mass	Ideford-Pikaa	0723:007D:0826:0079	1827	125	2086	Gamma					  89,362 	Travels to:	Yumyers	Deykhasa XIX	08C5:0080:07C5:0078	2245	128	1989	Beta					  82,684 	  (6,678)		
PC	10 Eissentam	Navishcor Spur	Oukous-Zado	0B94:007F:023B:0079	2964	127	571	Beta	Yellow	Gek	2	2	  695,064 	Travels to:	Kustarov Boundary	Riholmav	0E5F:007E:0A27:0028	3679	126	2599	Delta		Gek	1	3	  689,130 	  (5,934)	45LY from Exalke Shallows BH	
PS4	01 Euclid	Negxians Instability	[GNG] Eticara-Esh	0D7F:007E:0C11:0079	3455	126	3089	Delta					  700,985 	Travels to:	Newheri Adjunct	[GNG] Gumino-Liver	07B3:0080:0EC5:0061	1971	128	3781	Gamma					  694,266 	  (6,719)		
PS4	01 Euclid	Nenebesh Anomaly	[GNG] Calydia	0E3F:0083:04E7:0079	3647	131	1255	Beta					  714,208 	Travels to:	Fiuccl Quadrant	[GNG] Asleya	0C6D:007E:0D4D:0065	3181	126	3405	Delta					  707,812 	  (6,396)		
PS4	17 Hitonskyer	Nesega Fringe	Onezawaj	0629:007E:0403:0079	1577	126	1027	Alpha						Travels to:	Ookiyon Band	Omotomaez	0603:007E:0427:004D	1539	126	1063	Alpha						  - 		
PC	10 Eissentam	Nicagnu Quadrant	Avkarye-Machi XVII	0715:0080:0733:0079	1813	128	1843	Alpha					  124,301 	Travels to:	Akuxia	Ishisom-Rabi	07E9:007D:06DA:0065	2025	125	1754	Alpha					  117,375 	  (6,926)		
PS4	01 Euclid	Nikleto Fringe	Rachit-Modal VIII	032C:007D:010E:0079	812	125	270	Alpha	Yellow	Gek	1	2	  865,345 	Travels to:	Sea of Pewyan	Aguchu VIII	037C:007D:00E9:001A	892	125	233	Alpha	Yellow	Vy'keen	1	2	  859,960 	  (5,385)	Hermit-2	
PC	10 Eissentam	Niteinj Band	Mabayka	083F:007D:07BD:0079	2111	125	1981	Beta					  36,795 	Travels to:	Kisamio	Nogiley	0826:0082:07BF:0076	2086	130	1983	Beta					  29,940 	  (6,855)		
PC	10 Eissentam	Nitethoyrna Adjunct	Atssan	0BA9:0082:0333:0079	2985	130	819	Beta	Yellow	Korvax	2		  618,128 	Travels to:	Ludonna Conflux	Ombula	0553:0082:0D5A:000A	1363	130	3418	Gamma	Yellow	Korvax	3		  613,047 	  (5,081)		
PC	10 Eissentam	Noaric Sector	Rotosu	09BE:0081:0E4E:0079	2494	129	3662	Delta		Vy'keen	3	1	  670,288 	Travels to:	Xihewixi Conflux	Urodeok-Amig	05AF:007D:01F0:005B	1455	125	496	Alpha		Korvax	2	2	  664,056 	  (6,232)		
PS4	17 Hitonskyer	Noylumb Boundary	Wacester	07DE:0081:0815:0079	2014	129	2069	Gamma						Travels to:	Radnerudhu Nebula	Tenab-Viol V	07EA:007C:07F7:0078	2026	124	2039	Alpha						  - 		
PC	10 Eissentam	Nufryus Boundary	Oisent	0967:007D:053A:0079	2407	125	1338	Beta					  318,203 	Travels to:	Bukaundrig Shallows	Paryong	0AE3:007F:070B:0058	2787	127	1803	Beta					  311,856 	  (6,347)		
PC	10 Eissentam	Nugchebo	Yategra-Tru	010C:007A:0849:0079	268	122	2121	Gamma	Yellow	Korvax	1	1	  711,994 	Travels to:	Gastros Cluster	Hongfa XVII	0989:007B:0EB9:002A	2441	123	3769	Delta		Vy'keen	2		  706,692 	  (5,302)		
PS4	17 Hitonskyer	Nugzi Mass	Ayanog-Defor	094A:0082:0605:0079	2378	130	1541	Beta					  241,861 	Travels to:	Abrango	Dajain-Ourn	0A49:0082:07C7:004D	2633	130	1991	Beta					  235,470 	  (6,391)		
PS4	01 Euclid	Nulaca Terminus	Agoyam	0B88:007E:00B3:0079	2952	126	179	Beta	Yellow	Vy'keen	2	2	  830,123 	Travels to:	Iwamib	Paseirob XIII	0FFE:0083:08B4:0051	4094	131	2228	Delta	Yellow	Gek	2	2	  822,052 	  (8,071)	Hermit-8	
PC	10 Eissentam	Obgense Terminus	Dagest	0BCA:0083:037D:0079	3018	131	893	Beta	Yellow	Gek	1		  603,268 	Travels to:	Pitesh Instability	Soriange	0236:0082:073B:001C	566	130	1851	Alpha	Yellow	Gek	2		  597,322 	  (5,946)		
PC	10 Eissentam	Ofaygqu Sector	Womndi	0409:0080:0280:0079	1033	128	640	Alpha	Yellow	Korvax	2	2	  693,644 	Travels to:	Erszew Adjunct	Eshiwa	082C:007C:0EB6:0031	2092	124	3766	Delta	Yellow	Gek	1	2	  688,067 	  (5,577)		
PS4	01 Euclid	Oferth Sector	[GNG] Hacalo	07B4:0080:0EC2:0079	1972	128	3778	Gamma					  693,291 	Travels to:	Kosainn Expanse	[GNG] Nastalday	0509:007E:0E02:0074	1289	126	3586	Gamma					  686,216 	  (7,075)		
PS4	01 Euclid	Ofgretno Void	Dovikk-Auobur	028C:007B:0B4E:0079	652	123	2894	Gamma					  652,803 	Travels to:	Cipaing Cloud	Sarabi-Akay	0C00:007C:0CE3:0011	3072	124	3299	Delta					  647,226 	  (5,577)		
PC	10 Eissentam	Ogmanaga	Yondalm XIII	0468:007C:097D:0079	1128	124	2429	Gamma					  398,071 	Travels to:	Mallaea	Madiha	0B79:007B:099B:002F	2937	123	2459	Delta					  392,291 	  (5,780)		
PC	10 Eissentam	Oibnize Boundary	Dazawa	08E7:007F:07AF:0079	2279	127	1967	Beta					  98,398 	Travels to:	Ihojian Instability	Tishetsk	071E:007D:0826:006D	1822	125	2086	Gamma					  91,231 	  (7,167)		
PS4	01 Euclid	Okoske	Ahkapp	0518:0080:0D56:0079	1304	128	3414	Gamma					  622,349 	Travels to:	Abeady Quadrant	Uqinyans	0DF0:007F:08F6:0043	3568	127	2294	Delta					  616,370 	  (5,979)		
PC	10 Eissentam	Oktisase Spur	Ruregiosus	042C:0078:0D56:0079	1068	120	3134	Gamma					  672,579 	Travels to:	Pushdow Adjunct	Iyevsk	0A49:007D:01E7:0032	2633	125	487	Beta					  666,569 	  (6,010)	BH is 7 jumps from Alliance of Galactic Travellers	
PC	10 Eissentam	Ombians Void	Guideko VIII	03CB:0081:0727:0079	971	129	1831	Alpha					  438,970 	Travels to:	Ommadr Terminus	Iamiashta XIV	0B22:0080:0529:0033	2850	128	1321	Beta					  433,071 	  (5,899)		
PS4	17 Hitonskyer	Omtupik	Dakanu-Ion III	0A90:007D:091D:0079	2704	125	2333	Delta					  286,621 	Travels to:	Bekuil Anomaly	Epleit	09A8:0083:0A2C:0054	2472	131	2604	Delta					  280,254 	  (6,367)		
PS4	01 Euclid	Ongyimid Shallows	Halek	0FFE:007F:0000:0079	4094	127	0	Beta					  1,157,958 	Travels to:	Eunitoa Boundary	Dalaipei	0FFE:0081:0B46:0017	4094	129	2886	Delta					  884,907 	  (273,051)	The 4 Corners	
PC	10 Eissentam	Onmatu	Putesahoh VII	0B08:0083:0BC7:0079	2824	131	3015	Delta					  496,632 	Travels to:	Duathul Spur	Rugsvu	0BA8:007E:04E6:001E	2984	126	1254	Beta					  491,025 	  (5,607)		
PS4	17 Hitonskyer	Oobars Adjunct	Zobrya	0980:0082:0748:0079	2432	130	1864	Beta						Travels to:	Yunidhsosev	Eharas III	088D:0082:0694:0077	2189	130	1684	Beta						  - 		
PC	10 Eissentam	Orgami	Nogotsuk	0D6D:007E:0669:0079	3437	126	1641	Beta					  579,279 	Travels to:	Robokn	Nijudupp	0480:007E:0C5E:004F	1152	126	3166	Gamma					  573,125 	  (6,154)		
PC	10 Eissentam	Osmeae	Pethyong	0E68:007F:0A65:0079	3688	127	2661	Delta					  700,842 	Travels to:	Ijffabie Cluster	Vomogolik XII	07F0:007E:0137:0061	2032	126	311	Alpha					  694,426 	  (6,416)		
PC	10 Eissentam	Otnahu Terminus	Utanab-Suur V	0483:007E:0C5A:0079	1155	126	3162	Gamma					  571,291 	Travels to:	Baffri	Loygini-Arhu XIX	0416:007C:041A:0053	1046	124	1050	Alpha					  565,050 	  (6,241)		
PC	10 Eissentam	Otrics Fringe	Seonju-Nobu VIII	0558:0082:0360:0079	1368	130	864	Alpha					  545,457 	Travels to:	Latgarca Cluster	Donoro-Dosv III	03C3:007D:0B21:0046	963	125	2849	Gamma					  539,288 	  (6,169)		
PS4	10 Eissentam	Oudrom Spur	Rigoffitt	0197:007C:05A3:0079	407	124	1443	Alpha	Yellow	Vy'keen	3	2	  699,061 	Travels to:	Ciorib Shallows	Rotuxual	0519:007B:01E0:001E	1305	123	480	Alpha	Yellow	Vy'keen	1		  693,218 	  (5,843)		
PC	10 Eissentam	Peshatkas Terminus	Shantan-Hatagi79	010E:007A:0849:0079	270	122	2121	Gamma		Korvax	2	2	  711,418 	Travels to:	Miquat Boundary	Vikatiseli	07AD:007D:0EE2:0007	1965	125	3810	Gamma		Gek	1	1	  705,962 	  (5,456)		
PS4	17 Hitonskyer	Petune	Volulu-Cok	0AB3:007E:0AED:0079	2739	126	2797	Delta						Travels to:	Yodporit Anomaly	Medonque	0B8F:0082:065B:0064	2959	130	1627	Beta						  - 		
PC	01 Euclid	Pihnera Fringe	Repenii	0EF1:007B:085E:0079	3825	123	2142	Delta		Korvax	1	2	  712,216 	Travels to:	Oswanjil Adjunct	Efilss-Navl	0E96:007D:0A0A:002A	3734	125	2570	Delta		Vy'keen	1	2	  706,484 	  (5,732)		
PC	01 Euclid	Poemepat Conflux	Uefuku	0122:0080:0742:0079	290	128	1858	Alpha		Gek	2	2	  706,854 	Travels to:	Dipibo Adjunct	Sotapol VII	0A96:007C:0E55:004B	2710	124	3669	Delta		Korvax	3	3	  700,909 	  (5,945)		
PC	10 Eissentam	Pokojia	Qudoim-Loched	0728:007E:0761:0079	1832	126	1889	Alpha					  106,628 	Travels to:	Xetesu Instability	Piruth	08EC:007F:07AE:0066	2284	127	1966	Beta					  100,237 	  (6,391)		
PS4	01 Euclid	Poongba Cluster	Rishiw-Matok VIII	0DF6:007B:06C5:0079	3574	123	1733	Beta					  623,582 	Travels to:	Duquisa Quadrant	Aibial XIX	076D:007D:01FE:0049	1901	125	510	Alpha					  617,568 	  (6,014)		
PC	10 Eissentam	Poscuhmet Mass	Elhaiw	03E8:0078:0D2E:0079	1000	120	3374	Gamma		Gek	1	2	  676,128 	Travels to:	Noaric Sector	Beppull	09BE:0081:0E4E:0035	2494	129	3662	Delta		Korvax	2	2	  670,288 	  (5,840)		
PC	10 Eissentam	Potrim Quadrant	Esdoni 79	0B94:0080:023B:0079	2964	128	571	Beta		Korvax	1	2	  695,064 	Travels to:	Kumatt Band	Dayzhera	03A7:0081:0D21:006F	935	129	3361	Gamma		Gek	1	3	  688,551 	  (6,513)	 Exit is 58,352 LY from EHub	
PS4	17 Hitonskyer	Poyrani	Oigatom	0883:0080:0768:0079	2179	128	1896	Beta						Travels to:	Twerroc Cluster	Kistosnovn	0757:007F:07B4:0075	1879	127	1972	Alpha						  - 		
PC	10 Eissentam	Qaramb Cloud	Esakinow	079C:0081:0C59:0079	1948	129	3161	Gamma					  447,547 	Travels to:	Rulter Conflux	Ammitu X	03C6:0081:0726:0053	966	129	1830	Alpha					  440,877 	  (6,670)		
PS4	17 Hitonskyer	Rammam Instability	Vitska	089B:007A:065B:0079	2203	122	1627	Beta						Travels to:	Noslegr Instability	Komakur	0985:0083:0746:0076	2437	131	1862	Beta						  - 		
PS4	01 Euclid	Randovel Spur	Hujalas	0C59:0082:0B01:0079	3161	130	2817	Delta	Yellow	Korvax	2	2	  541,974 	Travels to:	Baffal Instability	Cantanes	0684:0080:0D05:000C	1668	128	3333	Gamma	Yellow	Gek	3	2	  536,474 	  (5,500)	Water in system, paradise planet 	
PC	10 Eissentam	Rapiirrek	Ichimi	0923:0083:08EA:0079	2339	131	2282	Delta					  150,000 	Travels to:	Altjin Band	Baisenn	082B:0082:069B:0060	2091	130	1691	Beta					  143,323 	  (6,677)		
PS4	01 Euclid	Rapsilie	Lagariqi	05ED:007F:0205:0079	1517	127	517	Alpha					  647,679 	Travels to:	Hindjeym Fringe	Ratsuyam	01BB:007F:0815:0044	443	127	2069	Gamma					  641,660 	  (6,019)		
PS4	17 Hitonskyer	Rawson	Iotango-Ommun	0796:0082:061D:0079	1942	130	1565	Alpha					  197,325 	Travels to:	Noberamu Anomaly	Eudent-Zidrac II	07D2:0083:09D9:0078	2002	131	2521	Gamma					  190,459 	  (6,866)		
PS4	17 Hitonskyer	Redwine Conflux	Raumon-Tajim	09B2:0079:0915:0079	2482	121	2325	Delta						Travels to:	Iskimbru Boundary	Oustavat	0795:0082:0617:006B	1941	130	1559	Alpha						  - 		
PC	10 Eissentam	Reenas	Unarya	099C:0081:05BC:0079	2460	129	1468	Beta					  284,518 	Travels to:	Sea of Umtazel	Epingdo	05EA:0080:09BE:004F	1514	128	2494	Gamma					  278,242 	  (6,276)		
PC	10 Eissentam	Revant Band	Aykana-Thliu	09E8:007B:0946:0079	2536	123	2374	Delta					  235,285 	Travels to:	Raleyam Anomaly	Eikkun-Huny XII	080D:0080:05C3:005F	2061	128	1475	Beta					  228,637 	  (6,648)		
PC	10 Eissentam	Rigongta	Pazuzu-Mye	010C:007A:0848:0079	268	122	2120	Gamma	Yellow	Vy'keen	3	1	  712,084 	Travels to:	Riflex Terminus	Rigongta	0EA7:007E:09C4:007E	3751	126	2500	Delta	Yellow	Korvax	3	3	  705,471 	  (6,613)		
PC	10 Eissentam	Ritshid Terminus	Maymoo	02DC:0081:0B52:0079	732	129	2898	Gamma		Vy'keen	1	1	  626,537 	Travels to:	Huevital Spur	Legorski	0E0D:007F:0810:0071	3597	127	2064	Delta		Korvax	2	3	  620,037 	  (6,500)		
PC	10 Eissentam	Riwala	Ementtib (Hub1-79)	042F:0078:0D55:0079	1071	120	3413	Gamma	Yellow	Gek	2		  671,684 	Travels to:	Libilama Mass	Mogothbur	0180:0082:07AA:000C	384	130	1962	Alpha	Yellow	Vy'keen	3		  665,936 	  (5,748)	BH is in the central region of the EHub	
PC	10 Eissentam	Rucero Cloud	Eorinu	0E85:0083:0995:0079	3717	131	2453	Delta		Vy'keen	2	2	  687,459 	Travels to:	The Arm of Ondunun	Birskov XVIII	0D12:0081:0C4B:0061	3346	129	3147	Delta		Korvax	3	2	  680,870 	  (6,589)		
PC	10 Eissentam	Rutsaya Conflux	Loycertanl	0E1B:0081:09FB:0079	3611	129	2555	Delta		Vy'keen	3	2	  657,773 	Travels to:	Hijold Adjunct	Bamias I	09C6:007F:01E4:0076	2502	127	484	Beta		Vy'keen	2	2	  651,152 	  (6,621)		
PS4	17 Hitonskyer	Rylovyo	Joanna	075D:007F:07B7:0079	1885	127	1975	Alpha						Travels to:	Fetrappi Mass	Ichnog-Tofa XIX	076E:0081:0843:0076	1902	129	2115	Gamma						  - 		
PS4	01 Euclid	Savenix Instability	[HUB10-79]Sagan's Stardust	042F:0079:0D55:0079	1071	121	3413	Gamma					  671,543 	Travels to:	Uuguyn Quadrant	Arugara XIII	0779:007F:0185:0054	1913	127	389	Alpha					  665,362 	  (6,181)		
PC	10 Eissentam	Sea of Amhernhar	Odneyas-Limubu XV	0183:0082:07AA:0079	387	130	1962	Alpha	Yellow	Gek	3		  664,685 	Travels to:	Bebyfis Fringe	Kehyanc	033B:007E:03AF:006E	827	126	943	Alpha	Yellow	Gek	1		  657,838 	  (6,847)		
PC	10 Eissentam	Sea of Biwairnob	Nefarst-Dovi	0E86:0083:0995:0079	3718	131	2453	Delta		Korvax	1	1	  687,848 	Travels to:	Liyphod Fringe	Diowsh-Yatka	0A66:007E:0E36:0014	2662	126	3638	Delta		Korvax	2	2	  682,291 	  (5,557)		
PS4	17 Hitonskyer	Sea of Cudanga	Tainaz-Agna	096F:0080:04A3:0079	2415	128	1187	Beta						Travels to:	Coblef Sector	Lusehank	09A1:0082:04CC:0060	2465	130	1228	Beta						  - 		
PC	10 Eissentam	Sea of Kimoth	Abdulinoo	0555:0082:0D56:0079	1365	130	3414	Gamma	Yellow	Korvax	3		  611,047 	Travels to:	Arm of Amemad	Sakhtu-Nets	0BCD:0083:0379:0026	3021	131	889	Beta	Yellow	Gek	3		  605,150 	  (5,897)		
PC	10 Eissentam	Sea of Mallatu	Bukyunc	07E9:007D:06DF:0079	2025	125	1759	Alpha					  115,506 	Travels to:	Untehra	Dublind	0724:007E:075E:006A	1828	126	1886	Alpha					  108,576 	  (6,930)		
PS4	10 Eissentam	Sea of Natpatopis	Rusamana	0B87:0082:0E0A:0079	2951	130	3594	Delta	Yellow	Gek	3		  716,870 	Travels to:	Luayank	Shviln-Sichri	0912:007F:0125:0073	2322	127	293	Beta	Yellow	Vy'keen	3		  709,961 	  (6,909)		
PC	10 Eissentam	Sea of Niyluru	Zuruman	07B4:007E:0ED6:0079	1972	126	3798	Gamma		Korvax	2	2	  701,042 	Travels to:	Yotiege Void	Kohmie-Essk	014A:0078:0902:0059	330	120	2306	Gamma		Korvax	3	2	  694,575 	  (6,467)		
PS4	01 Euclid	Sea of Novenex	Yibysek	068E:007E:0CA7:0079	1678	126	3239	Gamma	Yellow	Korvax	3	2	  499,216 	Travels to:	Wucookest Instability	Otkine	0C57:0082:05E9:001C	3159	130	1513	Beta	Yellow	Korvax	1	1	  493,472 	  (5,744)	Water	
PS4	17 Hitonskyer	Sea of Omfimv	Ugkuita-Sadem	0699:007F:080A:0079	1689	127	2058	Gamma						Travels to:	Tijable Band	Avhand-Zurum VI	081F:0080:06AB:0063	2079	128	1707	Beta						  - 		
PS4	01 Euclid	Sea of Onhakitc	Netasch	0FFE:007F:0FFE:0079	4094	127	4094	Delta					  1,157,958 	Travels to:	Ukbaks	Vinchola	0000:007F:06B0:0018	0	127	1712	Alpha					  829,692 	  (328,266)	The 4 Corners	
PS4	01 Euclid	Sea of Pewyan	Akuipek	037C:007D:00E9:0079	892	125	233	Alpha	Yellow	Gek	1	2	  860,040 	Travels to:	Ecchaco Shallows	Iyorxung I	0FF6:007F:0A77:0052	4086	127	2679	Delta	Yellow	Vy'keen	2	2	  854,050 	  (5,990)	Hermit-3	
PC	10 Eissentam	Sea of Rirhuhy	Emneor-Aily	033E:007E:03B1:0079	830	126	945	Alpha	Yellow	Gek	2		  656,427 	Travels to:	Sea of Gumarlt	Udachk	0B3C:0082:0D79:0009	2876	130	3449	Delta	Yellow	Korvax	3		  651,562 	  (4,865)		
PC	10 Eissentam	Sea of Ruynich	Myermer	0DA7:007F:0997:0079	3495	127	2455	Delta		Vy'keen	1	2	  601,753 	Travels to:	Lazkove Conflux	Marsua XVIII	0B0E:007F:0CF0:0076	2830	127	3312	Delta		Korvax	3	2	  595,088 	  (6,665)		
PS4	01 Euclid	Sea of Siwain	Tebur	0000:007F:0FFE:0079	0	127	4094	Gamma					  1,157,958 	Travels to:	Mojole	Ort	0CC7:007C:0000:006D	3271	124	0	Beta					  954,014 	  (203,944)	The 4 Corners	
PC	10 Eissentam	Sefnispa Boundry	Irbationa X	0E71:0081:0590:0079	3697	129	1424	Beta	Yellow	Korvax	2	2	  705,478 	Travels to:	Deflor Expanse	Oorsis-Hio	081A:0080:012B:003E	2074	128	299	Beta	Green	Gek	3	2	  699,126 	  (6,352)	Exits into a Green star system	
PC	10 Eissentam	Sezpilip Spur	Arkadn-Ifan VII	0B1F:0080:052D:0079	2847	128	1325	Beta					  431,207 	Travels to:	Urawng Void	Koyunni-Panog XIV	0640:007E:0BC3:0045	1600	126	3011	Gamma					  425,119 	  (6,088)		
PC	10 Eissentam	Sidembl	Juyishe-Luhar	03BD:0078:0D24:0079	957	120	3364	Gamma		Vy'keen	1	2	  683,828 	Travels to:	Layevitra Terminus	Nudarf XVII	0DCD:007F:0B2E:003E	3533	127	2862	Delta		Korvax	2	2	  677,928 	  (5,900)		
PC	01 Euclid	Siserdang Fringe	Papsatu-Lub	0EF0:007A:085D:0079	3824	122	2141	Delta		Gek	3	2	  711,796 	Travels to:	Wickoycha Terminus	Oqingqi-Muxia	0ED8:007D:08D6:0005	3800	125	2262	Delta		Gek	2	2	  706,454 	  (5,342)		
PC	10 Eissentam	Slulume Band	Irishid	0705:0080:0B84:0079	1797	128	2948	Gamma					  374,056 	Travels to:	Stmaszeb Void	Masamya-Ibay XVI	04E0:0080:09C6:004A	1248	128	2502	Gamma					  367,852 	  (6,204)		
PC	10 Eissentam	Sniarokop	Tovikaytt	0AC4:007B:01B0:0079	2756	123	432	Beta		Vy'keen	3	3	  705,512 	Travels to:	Seyuji Band	Honyme	07AE:007C:012A:0005	1966	124	298	Alpha		Vy'keen	2	2	  700,350 	  (5,162)		
PC	08 Kikolgallr	Soswige Cloud	Ifrosto	08C6:007D:07D8:0079	2246	125	2008	Beta	Yellow	Korvax	3	2	  81,258 	Travels to:	Sea of Obebyfi	Iveskada	0748:0080:07DF:0070	1864	128	2015	Alpha	Yellow	Korvax	2	3	  74,154 	  (7,104)	19+6 exotic in output	
PC	10 Eissentam	Srodop Instability	Hekinohes	010D:007A:0849:0079	269	122	2121	Gamma	Yellow	Korvax	2	2	  711,634 	Travels to:	Sefnispa Boundry	Hohhoe III	0E71:0081:0590:0055	3697	129	1424	Beta	Yellow	Gek	3	2	  705,656 	  (5,978)		
PC	10 Eissentam	Sucututa Nebula	Hijonam	042D:0078:0D56:0079	1069	120	3134	Gamma					  672,369 	Travels to:	Inradsk	Idutab	08DA:0081:018D:0053	2266	129	397	Beta					  665,642 	  (6,727)	BH is 7 jumps from Alliance of Galactic Travellers	
PC	01 Euclid	Suhter Fringe	Rutonqu	094D:0082:0139:0079	2381	130	313	Beta					  706,350 	Travels to:	Atzill Spur	Dairatsu VIII	06CE:007D:0EBB:0044	1742	125	3771	Gamma		Korvax	1	2	  700,309 	  (6,041)		
PC	10 Eissentam	Syeuji Band	Turnha	07AE:007C:012A:0079	1966	124	298	Alpha		Gek			  700,350 	Travels to:	Epchee	Liusaly	0451:007C:024F:0066	1105	124	591	Alpha		Vy'keen	2	2	  693,663 	  (6,687)		
PS4	17 Hitonskyer	Syutainn	Solasc IX	0B43:0080:062C:0079	2883	128	1580	Beta						Travels to:	Sea of Atzinskit	Umoison V	0971:0081:049E:0075	2417	129	1182	Beta						  - 		
PC	10 Eissentam	Tetimas	Diovis	0E70:007C:06EA:0079	3696	124	1770	Beta		Vy'keen	2	2	  668,842 	Travels to:	Nojmarezi Quadrant	Neyungg	01FF:0082:0A70:0010	511	130	2672	Gamma		Vy'keen	3	2	  663,316 	  (5,526)		
PC	10 Eissentam	Teurya Fringe	Enhuan-Iin X	0952:007E:0576:0079	2386	126	1398	Beta					  293,154 	Travels to:	Aljuru Quadrant	Gepashie XVIII	099F:0081:05B8:0047	2463	129	1464	Beta					  286,430 	  (6,724)		
PS4	01 Euclid	The Arm of Erguli	[GNG] Gawago-Gasa	06FE:007F:0186:0079	1790	127	390	Alpha					  670,539 	Travels to:	Renfelm Cloud	[GNG] Guhoughto	08E4:0083:0E6C:005C	2276	131	3692	Delta					  664,347 	  (6,192)		
PC	10 Eissentam	The Arm of Gugarrh	Aaviagrei	0BA6:007E:02C8:0079	2982	126	712	Beta			3	3	  651,944 	Travels to:	The Arm of Apinze	Omning-Iry	08F3:0083:01C1:0016	2291	131	449	Beta			2	2	  646,610 	  (5,334)		
PS4	01 Euclid	The Arm of Pangpo	Ombanago	01D7:007B:08D9:0079	471	123	2265	Gamma					  636,404 	Travels to:	Heaexa Mass	Suqiao	04CB:007B:02BD:0035	1227	123	701	Alpha					  630,445 	  (5,959)		
PS4	01 Euclid	The Arm of Ruhuaoke	Erkhov	0E07:007E:07B6:0079	3591	126	1974	Beta					  618,290 	Travels to:	Igrunn Terminus	Altonbe	0A13:0083:0D9B:002A	2579	131	3483	Delta					  612,553 	  (5,737)		
PC	01 Euclid	The Arm of Uclint	Minera	0EF0:0078:085D:0079	3824	120	2141	Delta		Vy'keen	1	2	  711,799 	Travels to:	Duquit Shallows	Ikeenib	09F0:007F:0E9B:004B	2544	127	3739	Delta		Gek	3	2	  705,393 	  (6,406)		
PS4	01 Euclid	The Arm of Vezitinen	[HUB1-79]Hawking's Hope	042F:0078:0D55:0079	1071	120	3413	Gamma					  671,545 	Travels to:	Gletkam	Uedammobar	05C4:0083:0E1C:000C	1476	131	3612	Gamma					  666,367 	  (5,178)		
PS4	01 Euclid	Thnavi Void	Bansas-Duenj	02CC:007C:0000:0079	716	124	0	Alpha	Yellow	Vy'keen	3	2	  976,660 	Travels to:	Iktomy	Muleng-Flee	0FFD:007B:0D15:0071	4093	123	3349	Delta	Yellow	Korvax	1	2	  970,153 	  (6,507)	Hermit-A2	
PS4	01 Euclid	Thoslo Quadrant	SAS.A83	0000:0000:0000:0079	0	0	0	Alpha	Yellow	Gek	1	2	  1,159,169 	Travels to:	Thnavi Void	Lafaelu-Mysit	02CC:007C:0000:003D	716	124	0	Alpha	Yellow	Korvax	2	2	  976,742 	  (182,427)	Hermit-A1: Null Shrine	
PC	10 Eissentam	Tiquiya Conflux	Cesrulo-Dih	05AF:007D:01F1:0079	1455	125	497	Alpha			3	2	  663,682 	Travels to:	Yujimo Quadrant	Suyamai-Olev XIII	0916:007F:0E55:0011	2326	127	3669	Delta			2	2	  658,328 	  (5,354)		
PC	10 Eissentam	Tuzannu Void	Objoie-Thyon	05E5:0083:079F:0079	1509	131	1951	Alpha					  218,756 	Travels to:	Arm of Axtera	Guadam	09E7:0082:08CD:0069	2535	130	2253	Delta					  211,875 	  (6,881)		
PS4	01 Euclid	Uagsak Fringe	Sisyala	008E:0080:0B60:0079	142	128	2912	Gamma	Yellow	Vy'keen	2	1	  836,839 	Travels to:	Nulaca Terminus	Uginok-Ensta	0B88:007E:00B3:0063	2952	126	179	Beta	Yellow	Vy'keen	2	2	  830,171 	  (6,668)	Hermit-7	
PC	10 Eissentam	Uahtun	Osalai	09E0:007B:07F9:0079	2528	123	2041	Beta					  192,660 	Travels to:	Arm of Zodarez	Miurakiz XIX	0973:007E:0915:0070	2419	126	2325	Delta					  185,949 	  (6,711)		
PC	10 Eissentam	Uamtinr	Duyurta X	0B74:007B:0999:0079	2932	123	2457	Delta					  390,298 	Travels to:	Yiptisshi Fringe	Navisniv	0540:0082:0A8E:002B	1344	130	2702	Gamma					  384,579 	  (5,719)		
PC	10 Eissentam	Uayayp	Tiy'Vkar	0C32:007E:02CC:0079	3122	126	716	Beta		Vy'keen	3	1	  684,360 	Travels to:	Yankaya Sector	Elnitsuen	0E9D:007C:08B4:001F	3741	124	2228	Delta		Korvax	1	2	  681,457 	  (2,903)		
PS4	01 Euclid	Ucince Band	[GNG] Nozomell	02DD:007D:0B95:0079	733	125	2965	Gamma					  641,248 	Travels to:	Muxalki	[GNG] Zuruga XIII	03E6:0080:0356:0036	998	128	854	Alpha					  635,440 	  (5,808)		
PC	10 Eissentam	Uglesing Band	Lipoimine	07AD:0082:075F:0079	1965	130	1887	Alpha					  71,947 	Travels to:	Xigudi	Abaspla XII	0863:0083:077E:0073	2147	131	1918	Beta					  65,352 	  (6,595)		
PS4	01 Euclid	Uhnervo Cluster	Zimian	01D1:0081:088E:0079	465	129	2190	Gamma					  635,380 	Travels to:	Hieusic Expanse	Nebetsus	0E23:0080:07DD:006A	3619	128	2013	Beta					  628,947 	  (6,433)		
PC	10 Eissentam	Uibandi Anomaly	Ertomu-Ingul	0DCE:007D:0B40:0079	3534	125	2880	Delta	Yellow	Korvax	3	2	  682,069 	Travels to:	Sea of Urhixond	Utguray-Moqen	08C7:0081:0E8E:0010	2247	129	3726	Delta	Yellow	Vy'keen	3	1	  676,518 	  (5,551)	Ertomu-Ingul boundary failure	
PS4	01 Euclid	Uipete Cluster	Hogamig 	036C:0082:05BA:0079	876	130	1466	Alpha		Gek	2	2	  522,809 	Travels to:	Gefior Shallows	Uheimil-Rishi	06B9:007E:0CE1:0049	1721	126	3297	Gamma	Yellow	Korvax	1	2	  516,928 	  (5,881)	Water	
PS4	01 Euclid	Ukchued Nebula	Tolocaean	0E7E:007E:0867:0079	3710	126	2151	Delta					  666,500 	Travels to:	Draggi Boundary	Loviangpo	0C22:007C:030E:0067	3106	124	782	Beta					  659,905 	  (6,595)		
PS4	01 Euclid	Ukrazzie Fringe	Amuuden-Hida XI	0849:007B:0E4D:0079	2121	123	3661	Delta					  646,280 	Travels to:	Xihuacos	Tuymakh VIII	0DFE:0080:09CB:000A	3582	128	2507	Delta					  640,978 	  (5,303)		
PS4	01 Euclid	Ulbeno Clluster	[GNG] Betsuma XVI	0783:007D:0199:0079	1923	125	409	Alpha					  657,020 	Travels to:	Iorenp Conflux	[GNG] Ottori-Rike I	0CAB:0080:0C4E:0051	3243	128	3150	Delta					  650,787 	  (6,233)		
PS4	17 Hitonskyer	Ulngalv	Ilreinn-Bar	0553:007D:0C13:0079	1363	125	3091	Gamma					  499,246 	Travels to:	Goumsa	Mulingf	074B:0081:0CC3:0036	1867	129	3267	Gamma					  493,283 	  (5,963)		
PS4	17 Hitonskyer	Unknown	Omagos	074C:0081:0CBE:0079	1868	129	3262	Gamma						Travels to:	Morung	Zamyaig	0591:007E:03EF:0058	1425	126	1007	Alpha						  - 		
PS4	01 Euclid	Unknown	Hyugare XVI	0A07:007D:0380:0079	2567	125	896	Beta	Yellow	Vy'keen	3	2	  505,063 	Travels to:	Sea of Novenex	Ubakin-Argy	068E:007E:0CA7:0049	1678	126	3239	Gamma	Yellow	Gek	3	2	  499,362 	  (5,701)	Water	
PS4	17 Hitonskyer	Userreno	Mochan	07EF:007C:07F8:0079	2031	124	2040	Alpha						Travels to:	Lostadan Quadrant	Tunente-Qowa	07F7:0082:07FD:006F	2039	130	2045	Alpha						  - 		
PC	10 Eissentam	Usubikud Adjunct	Doushu-Teya	0ACA:007B:03D4:0079	2762	123	980	Beta					  512,485 	Travels to:	Sea of Zabekre	Ednogor	0BCE:0082:04D7:0042	3022	130	1239	Beta					  506,449 	  (6,036)		
PS4	01 Euclid	Uuguyn Quadrant	Fuefuka	0779:007F:0185:0079	1913	127	389	Alpha					  665,362 	Travels to:	Yeliells Instability	Ageococar VI	09C8:0080:0E2E:0059	2504	128	3630	Delta					  659,059 	  (6,304)		
PC	10 Eissentam	Uujju Mass	Orongq VIII	0725:0082:0362:0079	1829	130	866	Alpha					  480,388 	Travels to:	Aonggi Cloud	Hagiag	0C93:007E:08B3:0039	3219	126	2227	Delta					  474,254 	  (6,134)		
PS4	01 Euclid	Vedulay Cloud	Olenwag	0000:007F:0000:0079	0	127	0	Alpha					  1,157,958 	Travels to:	The Arm of Agnientge	Gulang	012D:007E:0000:006D	301	126	0	Alpha					  1,076,195 	  (81,763)	The 4 Corners	
PC	10 Eissentam	Vegalu Cluster	Angasle-Ding	025C:007D:091D:0079	604	125	2333	Gamma		Vy'keen	2	1	  588,428 	Travels to:	Wachmarm Conflux	Inantun	0462:0083:0C66:0001	1122	131	3174	Gamma		Korvax	1	2	  583,200 	  (5,228)		
PC	10 Eissentam	Vierma Shallows	Luvycohno	03AC:0079:0D22:0079	940	121	3362	Gamma		Vy'keen	2	2	  687,570 	Travels to:	Hedanke Sector	Hagnovou	09C0:007F:0193:002B	2496	127	403	Beta		Vy'keen	3	2	  681,684 	  (5,886)		
PC	10 Eissentam	Vimorvo	Kostiu-Eiyos	05EE:0080:09BB:0079	1518	128	2491	Gamma					  276,386 	Travels to:	Riquecav	Shifnal	0959:007C:05BC:0054	2393	124	1468	Beta					  269,683 	  (6,703)		
PS4	10 Eissentam	Vorayako Shallows	Daskrana XIX	0E60:007D:0A12:0079	3680	125	2578	Delta	Yellow	Vy'keen	2		  687,026 	Travels to:	Lishotra Sector	Tavofas	0CF6:007E:0C6E:0001	3318	126	3182	Delta	Yellow	Korvax	1		  681,643 	  (5,383)		
PC	10 Eissentam	Waanho Cluster	Stjens-Hequi	04EE:0081:0A83:0079	1262	129	2691	Gamma					  406,276 	Travels to:	Wolfer Boundary	Hunyaza	0463:007C:097F:003A	1123	124	2431	Gamma					  400,153 	  (6,123)		
PC	10 Eissentam	Wachmarm Conflux	Oongju	0462:0083:0C66:0079	1122	131	3174	Gamma		Vy'keen	3	2	  583,200 	Travels to:	Boabyb Sector	Lahetsf-Haet	0499:007E:037F:0036	1177	126	895	Alpha		Gek	3	1	  577,443 	  (5,757)		
PC	10 Eissentam	Waskyoli Terminus	Loftalah	0AEA:007C:01D0:0079	2794	124	464	Beta	Yellow	Korvax	1	2	  700,160 	Travels to:	Navishcor Spur	Tiprakh	0B94:007F:023B:0002	2964	127	571	Beta	Yellow	Korvax	1	3	  695,064 	  (5,096)	Anomaly Station: Navishcor Spur	
PS4	01 Euclid	Wekeram Conflux	Mashoch-Eto XV	042F:0079:0D54:0079	1071	121	3412	Gamma					  671,218 	Travels to:	Balamm Cluster	Ugbyutumu	01A9:0081:0971:0027	425	129	2417	Gamma					  665,467 	  (5,751)		
PC	10 Eissentam	Wendana Fringe	Eltadf 79	0E46:007C:06F7:0079	3654	124	1783	Beta		Vy'keen			  651,417 	Travels to:	Zoelru Nebula	Aifeng-Zara	0DCF:0082:0A73:0012	3535	130	2675	Delta		Vy'keen	3	2	  646,038 	  (5,379)		
PC	01 Euclid	Weyleod Conflux	Fetegot BH System	0871:0076:0107:0079	2161	118	263	Beta	Yellow	Gek	2	2	  714,869 	Travels to:	Aydenique Instability	Domeda Oahu BH Sys	0933:0081:0ED1:0025	2355	129	3793	Delta	Yellow	Vy'keen	1	2	  709,335 	  (5,534)	water on both sides	
PS4	17 Hitonskyer	Womanmi Quadrant	Xanadyk	05AB:007E:0B06:0079	1451	126	2822	Gamma						Travels to:	Nirtut	Donogri-Inob	0B48:0081:062A:0030	2888	129	1578	Beta						  - 		
PS4	01 Euclid	Wucookest Instablity 	Oltsynoy XV	0C57:0082:05E9:0079	3159	130	1513	Beta	Yellow	Gek	2	1	  493,437 	Travels to:	Bekelson Anomaly 	Igonand-Iche VI	03CD:007E:05BE:0029	973	126	1470	Alpha	Yellow	Gek	2	1	  487,557 	  (5,880)	106LY from nearest BH Opulent  system	
PC	10 Eissentam	Xenile Boundary	Oyabur-Webu V	07C6:007F:064D:0079	1990	127	1613	Alpha					  174,979 	Travels to:	Sea of Uepera	Monbet XII	0731:007D:096F:0059	1841	125	2415	Gamma					  168,861 	  (6,118)		
PC	10 Eissentam	Xetrgg	Uchuoreph	06FB:0082:012C:0079	1787	130	300	Alpha	Yellow	Korvax	3	2	  706,497 	Travels to:	Waskyoli Terminus	Ahalli	0AEA:007C:01D0:004F	2794	124	464	Beta	Yellow	Gek	1	3	  700,160 	  (6,337)		
PC	10 Eissentam	Xewelci Anomaly	Uhbeyt	0860:0082:0782:0079	2144	130	1922	Beta					  63,295 	Travels to:	Sea of Rimuthi	Alogtae	0883:0081:07CD:0072	2179	129	1997	Beta					  56,445 	  (6,850)		
PC	10 Eissentam	Xihewixi Conflux	Gaokaw-Gudh	05AF:007D:01F0:0079	1455	125	496	Alpha		Vy'keen	2	2	  664,056 	Travels to:	Rutsaya Conflux	Olyebri-Yanab	0E1B:0081:09FB:005C	3611	129	2555	Delta		Korvax	3	2	  657,773 	  (6,283)		
PS4	01 Euclid	Xihuacos	Avna'esos	0DFE:0080:09CB:0079	3582	128	2507	Delta					  640,977 	Travels to:	Liyhuymedz	Rozawara	0DB1:007B:0A77:001B	3505	123	2679	Delta					  635,635 	  (5,342)		
PS4	01 Euclid	Yataned	Tawara-Esuw I	0280:007D:0B3D:0079	640	125	2877	Gamma					  653,428 	Travels to:	Hatraudh Instability	Yoskiti	0B41:0083:0295:005A	2881	131	661	Beta					  647,032 	  (6,396)		
PS4	17 Hitonskyer	Yatnev Sector	Ransratts IX	08DD:0082:0769:0079	2269	130	1897	Beta						Travels to:	Yuncinc Void	Sukupe-Stj XII	082D:007B:08F6:006B	2093	123	2294	Delta						  - 		
PC	10 Eissentam	Yawata Mass	Nirashim	093E:0080:085C:0079	2366	128	2140	Delta					  132,979 	Travels to:	Deflot Conflux	Zingren-Gid	0711:0080:0730:0065	1809	128	1840	Alpha					  126,004 	  (6,975)		
PS4	01 Euclid	Yeliells Instability	Kadanonj IV	09C8:0080:0E2E:0079	2504	128	3630	Delta					  659,059 	Travels to:	Ofgretno Void	Bajanka-Unag XIV	028C:007B:0B4E:0058	652	123	2894	Gamma					  652,803 	  (6,255)		
PC	10 Eissentam	Yermane Quadrant	Signadata	0C2E:0081:02F4:0079	3118	129	756	Beta	Yellow	Gek	3	2	  670,944 	Travels to:	Cruita Sector	Exexundui	0E7F:007D:07:000F	3711	125	7	Beta	Yellow	Korvax	3	2	  665,834 	  (5,110)		
PC	10 Eissentam	Yotiege Void	Andfor	014A:007B:0902:0079	330	123	2306	Gamma		Vy'keen	3	1	  694,571 	Travels to:	Sea of Biwairnob	Refelto	0E86:0083:0995:006E	3718	131	2453	Delta		Vy'keen	3	2	  687,848 	  (6,723)		
PC	10 Eissentam	Yujimo Quadrant	Omotome-Suzd	0916:007F:0E55:0079	2326	127	3669	Delta			2	2	  658,328 	Travels to:	The Arm of Gugarrh	Gabjor	0BA6:007E:02C8:0051	2982	126	712	Beta			2	3	  651,944 	  (6,384)		
PC	10 Eissentam	Yumpethg Sector	Endavel XVIII	0B47:007C:0707:0079	2887	124	1799	Beta					  350,439 	Travels to:	Ouyenkaid Boundary	Furait IX	093A:007D:04DE:0035	2362	125	1246	Beta					  344,286 	  (6,153)		
PS4	01 Euclid	Zeraiak	Pependep	0E58:0081:0742:0079	3672	129	1858	Beta					  654,382 	Travels to:	Rapsilie	Tusheenib	05ED:007F:0205:006C	1517	127	517	Alpha					  647,679 	  (6,703)	output is 48,056ly from Pilgrim Star	
PS4	01 Euclid	Zillinn Band	Bucheh	0265:007D:0A3A:0079	613	125	2618	Gamma					  617,401 	Travels to:	Heuster Sector	Fanyamab VI	0BFC:007E:0C71:0042	3068	126	3185	Delta					  611,554 	  (5,848)		
PC	10 Eissentam	Zoelru Nebula	Iuzhou 79	0DCF:0082:0A73:0079	3535	130	2675	Delta		Vy'keen	3	2	  646,038 	Travels to:	Eoktis Mass	Hatyomor	01D6:007F:06F1:003E	470	127	1777	Alpha		Vy'keen	1	1	  639,978 	  (6,060)		
PC	10 Eissentam	Zoraikas	Ognitskyv	0544:007C:0D0A:0079	1348	124	3338	Gamma					  587,284 	Travels to:	Arm of Ollent	Tinssugr	0D72:007E:0668:002C	3442	126	1640	Beta					  581,127 	  (6,157)		
PC	10 Eissentam	Zosmari Instability	Anoyab	082A:0082:06A0:0079	2090	130	1696	Beta					  141,339 	Travels to:	Kuffey	Darvatn-Trude XII	0943:0081:085E:0060	2371	129	2142	Delta					  135,127 	  (6,212)		
PC	10 Eissentam	Zuruba Conflux	Gosekin-Dapot	049A:0081:0AE0:0079	1178	129	2784	Gamma					  455,831 	Travels to:	Yazantj Quadrant	Thmanti-Sori III	079B:0081:0C5E:005D	1947	129	3166	Gamma					  449,538 	  (6,293)		
PS4	01 Euclid	Kupengu	Bariysh VI	0FFE:007F:031F:0079	4094	127	799	Beta				3	  958,963 	Travels to:	The Arm of Fussachuj	Unnary	0FFE:0082:0C83:001E	4094	130	3203	Delta				2	  940,518 	  (18,445)	Hermit-A4	
PS4	01 Euclid	The Arm of Fussachuj	Pimuut-Che V	0FFE:0082:0C83:0079	4094	130	3203	Delta				3	  940,503 	Travels to:	Aylord Conflux	Rasholi	042A:0082:0000:000B	1066	130	0	Alpha				2	  907,729 	  (32,774)	Hermit-A5	
PS4	01 Euclid	Aylord Conflux	Diowsh-Igyi XIV	042A:0082:0000:0079	1066	130	0	Alpha				2	  907,848 	Travels to:	Eumaila Boundary	Ishiyoda	0BDB:0081:0FEB:0033	3035	129	4075	Delta				2	  902,627 	  (5,221)	Hermit-A6	
PS4	01 Euclid	Eumalia Boundary	Ushiokina	0BDB:0081:0FEB:0079	3035	129	4075	Delta				2	  902,569 	Travels to:	Adedwa Fringe	Iotaru VI	0F7C:007D:0379:0051	3964	125	889	Beta				2	  895,774 	  (6,795)	Hermit-A7: Shrine of the Misguided (twin BH) 	
PS4	01 Euclid	Adedwa Fringe	Iedaiako	0F7C:007D:0379:0079	3964	125	889	Beta				2	  896,005 	Travels to:	Kausas	Pitiskul X	04AD:007C:0FFE:004E	1197	124	4094	Gamma				2	  886,763 	  (9,242)	Hermit-A8	
PS4	01 Euclid	Kausas	Kobindbi	04AD:007C:0FFE:0079	1197	124	4094	Gamma				1	  886,628 	Travels to:	Uuahtun Fringe	Karats-Losh	00EA:0080:0CE2:0012	234	128	3298	Gamma				2	  881,067 	  (5,561)	Hermit-A9	
PS4	01 Euclid	Uuahtun Fringe	Achima	00EA:0080:0CE2:0079	234	128	3298	Gamma				1	  881,127 	Travels to:	Swelle Shallows	Umzomens VII	0FFE:0082:0846:004D	4094	130	2118	Delta				2	  819,507 	  (61,620)	Hermit-A10	
PS4	01 Euclid	Swelle Shallows	Soiling Uivar	0FFE:0082:0846:0079	4094	130	2118	Delta				3	  819,370 	Travels to:	Ifraahem Void	Ofnunar	0A66:0080:006D:0042	2662	128	109	Beta				2	  813,313 	  (6,057)	Hermit-A11	
PS4	01 Euclid	Ifrahem Void	Kommun-Snezh	0A66:0080:006D:0079	2662	128	109	Beta				2	  813,313 	Travels to:	Tafior Expanse	Naburga-Hujin	00FF:0082:0BA3:0005	255	130	2979	Gamma				3	  807,851 	  (5,462)	Hermit-A12	
PS4	01 Euclid	Tafior Expanse	Sudelizh	00FF:0082:0BA3:0005	255	130	2979	Gamma				1	  807,867 	Travels to:	Iessov Adjunct	Aatand-Hil XIX	06E9:007F:003D:0028	1769	127	61	Alpha				2	  802,050 	  (5,817)	Hermit-A13	
PC	01 Euclid	Sea of Onhanc	Tondabari	0872:007D:0108:0079	2162	125	264	Beta				2	  714,589 	Travels to:	Yuanqa	Iashih-Iskl VI	0C1B:007C:026E:004D	3099	124	622	Beta				1	  708,475 	  (6,114)	Water on both sides	
PS4	01 Euclid	Iessov Adjunct	Mopainr IX	06E9:007F:003D:0079	1769	127	61	Alpha				2	  802,111 	Travels to:	The Arm of Nujemar	Shampus II	00BC:0081:0536:0035	188	129	1334	Alpha				2	  796,270 	  (5,841)	Hermit-A14	
PS4	01 Euclid	The Arm of Nujemar	Damise	00BC:0081:0536:0079	188	129	1334	Alpha				2	  796,312 	Travels to:	Juttin Cluster	Isgaut	0DCD:0082:0D18:0010	3533	130	3352	Delta				3	  791,313 	  (4,999)	Hermit-A15: Vy'keen Shrine	
PS4	01 Euclid	Juttin Cluster	Giumheni	0DCD:0082:0D18:0079	3533	130	3352	Delta				1	  791,080 	Travels to:	Awhakpa Mass	Ekahgl-Laumo VII	0719:007E:0F9E:000A	1817	126	3998	Gamma				2	  785,893 	  (5,187)	Hermit-A16	
PS4	01 Euclid	Awhakpa Mass	Uiningguwa	0719:007E:0F9E:0079	1817	126	3998	Gamma				2	  785,839 	Travels to:	Dikoil Cluster	Hishojos	0CB2:007C:0201:0048	3250	124	513	Beta				2	  779,748 	  (6,091)	Hermit-A17	
PS4	01 Euclid	Dikoil Cluster	Ehhoeli-Olust	0CB2:007C:0201:0079	3250	124	513	Beta				3	  779,798 	Travels to:	Aineru Adjunct	Demenzels	0A27:007E:0F3D:0032	2599	126	3901	Delta				3	  773,832 	  (5,966)	Hermit-A18	
PS4	01 Euclid	Aineru Adjunct	Hyegods	0A27:007E:0F3D:0079	2599	126	3901	Delta				2	  773,701 	Travels to:	Ilnerth	Modunhui	059F:007E:0F1C:002B	1439	126	3868	Gamma				1	  768,077 	  (5,624)	Hermit-A19	
PS4	01 Euclid	Ilnerth	Yedawat-Mugyew	059F:007E:0F1C:0079	1439	126	3868	Gamma				3	  768,077 	Travels to:	Bowenslesi Conflux	Vulegium	0F1C:007F:05D1:003F	3868	127	1489	Beta				2	  762,005 	  (6,072)	Hermit-A20	
PS4	01 Euclid	Bowenslesi Conflux	Uettirlit	0F1C:007F:05D1:0079	3868	127	1489	Beta				2	  761,935 	Travels to:	Sawarna	Kureshi	0DC1:007C:035F:0011	3521	124	863	Beta				2	  756,220 	  (5,715)	Hermit-A21	
PS4	01 Euclid	Sawarna	Aisawa IV	0DC1:007C:035F:0079	3521	124	863	Beta				2	  756,351 	Travels to:	Micincu	Aulissf-Wama III	0F26:007B:0992:0060	3878	123	2450	Delta				2	  750,197 	  (6,154)	Hermit-A22	
PS4	01 Euclid	Micincu	Gitsrek	0F26:007B:0992:0079	3878	123	2450	Delta				2	  750,149 	Travels to:	Muhaconch Boundary	Monered XV	072B:007C:0F39:0003	1835	124	3897	Gamma				2	  744,742 	  (5,407)	Hermit-A23	
PS4	01 Euclid	Muhaconch Boundary	Eprasta-/uoya	072B:007C:0F39:0079	1835	124	3897	Gamma				2	  744,835 	Travels to:	Wadbadar	Ewkeswadh	0A5E:007D:0ED1:000A	2654	125	3793	Delta				2	  739,607 	  (5,228)	Hermit-A24	
PS4	01 Euclid	Wadbadar	Uriisa	0A5E:007D:0ED1:0079	2654	125	3793	Delta				2	  739,496 	Travels to:	Ripoco	Melyalyan	0E11:0081:0436:006B	3601	129	1078	Beta				2	  732,595 	  (6,901)	Hermit-A25	
PS4	01 Euclid	Ripoco	Hebekin	0E11:0081:0436:0079	3601	129	1078	Beta				2	  732,607 	Travels to:	Kosyone Spur	Aderber-Mada XVI	0737:0080:0F0D:001A	1847	128	3853	Gamma				1	  727,048 	  (5,559)	Hermit-A26 [tiny stego-diplos]	
PS4	01 Euclid	Kosyone Spur	Nimuodo-Nuto	0737:0080:0F0D:0079	1847	128	3853	Gamma				1	  726,958 	Travels to:	Pusuyche	Ovdoroi VIII	01D5:0081:0497:0012	469	129	1175	Alpha				2	  721,114 	  (5,844)	Hermit-A27	
PS4	01 Euclid	Pusuyche	Fimovsko	01D5:0081:0497:0079	469	129	1175	Alpha				2	  721,118 	Travels to:	Rahephy Expanse	Buchans	0923:007C:0EE4:001B	2339	124	3812	Delta				2	  715,839 	  (5,279)	Hermit-A28	
PS4	01 Euclid	Rahephy Expanse	Shlifsh	0923:007C:0EE4:0079	2339	124	3812	Delta				1	  715,684 	Travels to:	Lelanse Shallows	Tellubi	09AA:0081:0143:0008	2474	129	323	Beta				2	  710,261 	  (5,423)	Hermit-A29	
PS4	01 Euclid	Lelanse Shallows	Bachippi	09AA:0081:0143:0079	2474	129	323	Beta				1	  710,421 	Travels to:	Ojongo Spur	Ilskom	0DD8:007D:0B9D:0062	3544	125	2973	Delta				1	  704,411 	  (6,010)	Hermit-A30	
PS4	01 Euclid	Ojongo Spur	Ubcherec	0DD8:007D:0B9D:0079	3544	125	2973	Delta				2	  704,321 	Travels to:	Sayardhib	Sushima	0B39:007C:01FD:002D	2873	124	509	Beta				2	  698,319 	  (6,002)	Hermit-A31	
PS4	01 Euclid	Sayardhib	Miuragiu	0B39:007C:01FD:002D	2873	124	509	Beta				1	  698,271 	Travels to:	Sea of Shkovs	Uoyante XVIII	0168:007D:067F:0057	360	125	1663	Alpha				1	  692,042 	  (6,229)	Hermit-A32: Gek Shrine	
PS4	01 Euclid	Sea of Shkovs	Piyskyv II	0168:007D:067F:0079	360	125	1663	Alpha				2	  692,042 	Travels to:	Beacor Terminus	Armund-Tine	03C2:007E:02CE:002B	962	126	718	Alpha				2	  686,209 	  (5,833)	Hermit-A33	
PS4	01 Euclid	Beacor Terminus	Onumis-Oth	03C2:007E:02CE:0079	962	126	718	Alpha				2	  686,062 	Travels to:	The Arm of Curtsa	Gabolt-Pogo	03F6:007F:02B6:0001	1014	127	694	Alpha				2	  680,889 	  (5,173)	Hermit-A34	
PS4	01 Euclid	The Arm of Curtsa	Munosusa	03F6:007F:02B6:0079	1014	127	694	Alpha				2	  681,019 	Travels to:	Aaybuw Shallows	Itsura	01A6:007F:0641:0077	422	127	1601	Alpha				2	  673,848 	  (7,171)	Hermit-A35	
PS4	01 Euclid	Aaybuw Shallows	Zuokaya-Asove	01A6:007F:0641:0079	422	127	1601	Alpha				2	  673,900 	Travels to:	Edvarm Mass	Yechist-Unj	0E84:007D:07CA:004D	3716	125	1994	Beta				2	  667,808 	  (6,092)	Hermit-A36	
PS4	01 Euclid	Edvarm Mass	Abushim-Seba	0E84:007D:07CA:0079	3716	125	1994	Beta				2	  667,933 	Travels to:	Rydias	Ewmexbo	0E76:007F:0821:002E	3702	127	2081	Delta				2	  662,291 	  (5,642)	Hermit-A37	
PS4	01 Euclid	Rydias	Ximussan	0E76:007F:0821:0079	3702	127	2081	Delta				1	  661,971 	Travels to:	Cornar Expanse	Ooafjalf	0E30:007D:065C:0061	3632	125	1628	Beta				2	  655,820 	  (6,151)	Hermit-A38	
PS4	01 Euclid	Cornar Expanse	Hakoistu	0E30:007D:065C:0079	3632	125	1628	Beta				2	  655,891 	Travels to:	Dugsonli	Resvet-Yaz II	0626:007E:0E13:000E	1574	126	3603	Gamma				2	  650,700 	  (5,191)	Hermit-A39	
PS4	01 Euclid	Dugsonli	Tamysuk II	0626:007E:0E13:0079	1574	126	3603	Gamma				2	  650,530 	Travels to:	Omanher Mass	Hulyabit XVIII	093E:0081:01D3:0027	2366	129	467	Beta				2	  644,755 	  (5,775)	Hermit-A40	
PS4	01 Euclid	Omanher Mass	Donskyv-Haa	093E:0081:01D3:0079	2366	129	467	Beta				1	  644,699 	Travels to:	Ajna'oknat Cluster	Uskazari	0C21:007D:0CAC:002F	3105	125	3244	Delta				1	  639,229 	  (5,470)	Hermit-A41	
PS4	01 Euclid	Ajna'oknat Cluster	Lugach-Lume	0C21:007D:0CAC:0079	3105	125	3244	Delta				2	  639,138 	Travels to:	Jahiessb Expanse	Guendo-Dirfl II	021E:0082:09E9:002D	542	130	2537	Gamma				1	  632,951 	  (6,187)	Hermit-A42	
PS4	01 Euclid	Jahiessb Expanse	Zuhasoi-Nofor II	021E:0082:09E9:0079	542	130	2537	Gamma				3	  633,016 	Travels to:	Awoyet Boundary	Noyamakit	0E1A:0080:0789:0042	3610	128	1929	Beta				2	  627,056 	  (5,960)	Hermit-A43	
PS4	01 Euclid	Awoyet Boundary	Kashiv-Izuis	0E1A:0080:0789:0079	3610	128	1929	Beta				1	  627,063 	Travels to:	Kitasat	Zeleanes	0299:007D:0AC0:005D	665	125	2752	Gamma				1	  620,579 	  (6,484)	Hermit-A44	